SampleID,Assay,NPX,pg/mL,Group
S1,VSNL1,3.81488,42.38821,Diseased_sample
S1,OMG,6.71588,135.38052,Diseased_sample
S1,STX1B,4.13823,100.20977,Diseased_sample
S1,NPTXR,12.20331,2266.94212,Diseased_sample
S1,SYT1,4.56547,30.59466,Diseased_sample
S1,ENO2,9.77758,9804.3709,Diseased_sample
S1,Inc Ctrl,0.0685,,Diseased_sample
S1,TREM1,15.43182,629.05055,Diseased_sample
S1,S100B,2.44378,21.76555,Diseased_sample
S1,DDAH1,5.74678,323.76964,Diseased_sample
S1,KLK8,10.46234,3789.06422,Diseased_sample
S1,FOXO3,2.91842,30.41893,Diseased_sample
S1,DDC,11.97149,2986.23065,Diseased_sample
S1,ITGAM,9.84609,7526.77731,Diseased_sample
S1,MMP10,12.91266,694.47118,Diseased_sample
S1,SNCAIP,1.50012,1.6982,Diseased_sample
S1,TREM2,15.76795,26901.93249,Diseased_sample
S1,Det Ctrl,0.07411,,Diseased_sample
S1,ITGB2,11.0301,46239.54307,Diseased_sample
S1,SMOC1,7.61325,4385.14996,Diseased_sample
S1,BACE1,5.93634,415.991,Diseased_sample
S1,SCG2,8.705,7226.37475,Diseased_sample
S1,BMP7,6.92806,7823.83843,Diseased_sample
S1,NPTX1,8.65913,10455.75148,Diseased_sample
S1,HLA-DRA,3.12444,575.95218,Diseased_sample
S1,EIF2AK2,5.24078,5029.78809,Diseased_sample
S1,LRRK2,-0.02353,302.06374,Diseased_sample
S1,Ext Ctrl,0,,Diseased_sample
S1,SDC4,5.93942,2837.60943,Diseased_sample
S1,NEFL,4.54524,756.55127,Diseased_sample
S1,GDNF,3.48553,0.44592,Diseased_sample
S1,CLSTN3,5.5158,1077.85774,Diseased_sample
S1,AGER,13.82571,3360.94466,Diseased_sample
S1,TP53,3.1668,0.5763,Diseased_sample
S1,Abeta40,11.85007,455.33163,Diseased_sample
S1,pTau217,3.41099,0.44014,Diseased_sample
S1,GFAP,3.13408,6.58047,Diseased_sample
S1,GLRX,7.55931,368.27657,Diseased_sample
S1,WWOX,1.3044,1.98214,Diseased_sample
S1,RTN4R,4.95027,699.99257,Diseased_sample
S1,Abeta42,6.54428,111.24763,Diseased_sample
S1,NGF,2.12675,3.43383,Diseased_sample
S1,NLGN1,1.54206,64.8703,Diseased_sample
S1,NPTX2,11.06614,32305.64708,Diseased_sample
S1,MOG,9.68909,57.30144,Diseased_sample
S2,VSNL1,3.36843,30.50124,Healthy_pool
S2,OMG,6.53193,122.21829,Healthy_pool
S2,STX1B,5.65007,278.99708,Healthy_pool
S2,NPTXR,11.79186,1681.52998,Healthy_pool
S2,SYT1,3.84107,18.96894,Healthy_pool
S2,ENO2,9.42925,7810.89,Healthy_pool
S2,Inc Ctrl,-0.05957,,Healthy_pool
S2,TREM1,14.30312,269.60225,Healthy_pool
S2,S100B,2.11279,15.83746,Healthy_pool
S2,DDAH1,6.60922,549.75078,Healthy_pool
S2,KLK8,9.38541,1796.82452,Healthy_pool
S2,FOXO3,2.92033,30.46572,Healthy_pool
S2,DDC,10.87983,1511.31592,Healthy_pool
S2,ITGAM,10.09022,9076.58564,Healthy_pool
S2,MMP10,11.5585,276.35812,Healthy_pool
S2,SNCAIP,1.57211,1.86586,Healthy_pool
S2,TREM2,15.05081,16294.13139,Healthy_pool
S2,Det Ctrl,0.11984,,Healthy_pool
S2,ITGB2,11.13868,49533.80798,Healthy_pool
S2,SMOC1,4.93443,1057.65678,Healthy_pool
S2,BACE1,5.95201,420.22696,Healthy_pool
S2,SCG2,6.65901,1913.91612,Healthy_pool
S2,BMP7,5.20467,2732.66106,Healthy_pool
S2,NPTX1,7.96935,6889.30718,Healthy_pool
S2,HLA-DRA,3.00516,522.5081,Healthy_pool
S2,EIF2AK2,8.04423,26111.49569,Healthy_pool
S2,LRRK2,0.09772,342.92139,Healthy_pool
S2,Ext Ctrl,0,,Healthy_pool
S2,SDC4,6.69205,4635.91722,Healthy_pool
S2,NEFL,3.30684,321.69561,Healthy_pool
S2,GDNF,1.84398,0.07215,Healthy_pool
S2,CLSTN3,3.99263,457.83414,Healthy_pool
S2,AGER,13.15619,2082.2889,Healthy_pool
S2,TP53,2.10851,0.23305,Healthy_pool
S2,Abeta40,1.35112,1.22055,Healthy_pool
S2,pTau217,1.65299,0.09206,Healthy_pool
S2,GFAP,3.20982,7.0641,Healthy_pool
S2,GLRX,8.15646,544.29874,Healthy_pool
S2,WWOX,0.34096,0.23365,Healthy_pool
S2,RTN4R,4.24077,456.98859,Healthy_pool
S2,Abeta42,2.10342,11.20524,Healthy_pool
S2,NGF,0.04975,0.01144,Healthy_pool
S2,NLGN1,3.9601,615.00685,Healthy_pool
S2,NPTX2,9.05816,8435.873,Healthy_pool
S2,MOG,9.09408,39.13768,Healthy_pool
S3,VSNL1,2.91688,21.62275,Healthy_sample
S3,OMG,6.71188,135.0805,Healthy_sample
S3,STX1B,2.78839,33.73828,Healthy_sample
S3,NPTXR,12.20095,2263.01026,Healthy_sample
S3,SYT1,3.81117,18.5825,Healthy_sample
S3,ENO2,8.30019,3823.73397,Healthy_sample
S3,Inc Ctrl,-0.18147,,Healthy_sample
S3,TREM1,13.55994,157.2451,Healthy_sample
S3,S100B,1.22491,5.6492,Healthy_sample
S3,DDAH1,4.96437,196.98854,Healthy_sample
S3,KLK8,9.71902,2249.55517,Healthy_sample
S3,FOXO3,1.46586,7.45996,Healthy_sample
S3,DDC,10.23841,1020.41094,Healthy_sample
S3,ITGAM,9.68991,6693.92096,Healthy_sample
S3,MMP10,11.27392,228.49159,Healthy_sample
S3,SNCAIP,0.37787,0.18247,Healthy_sample
S3,TREM2,13.57436,6048.2694,Healthy_sample
S3,Det Ctrl,0.0796,,Healthy_sample
S3,ITGB2,10.83701,40938.50505,Healthy_sample
S3,SMOC1,3.42291,454.68829,Healthy_sample
S3,BACE1,6.46112,582.20048,Healthy_sample
S3,SCG2,5.62175,1007.11635,Healthy_sample
S3,BMP7,4.44418,1666.1769,Healthy_sample
S3,NPTX1,8.38093,8827.1548,Healthy_sample
S3,HLA-DRA,3.36404,697.80456,Healthy_sample
S3,EIF2AK2,2.43223,669.57874,Healthy_sample
S3,LRRK2,-0.21475,244.54653,Healthy_sample
S3,Ext Ctrl,0,,Healthy_sample
S3,SDC4,6.08357,3118.64601,Healthy_sample
S3,NEFL,2.41423,155.27977,Healthy_sample
S3,GDNF,0.39578,,Healthy_sample
S3,CLSTN3,2.4724,179.5385,Healthy_sample
S3,AGER,13.81117,3325.68118,Healthy_sample
S3,TP53,1.74137,0.16264,Healthy_sample
S3,Abeta40,1.25322,1.06661,Healthy_sample
S3,pTau217,0.43587,0.01943,Healthy_sample
S3,GFAP,3.25286,7.35158,Healthy_sample
S3,GLRX,3.04584,19.67442,Healthy_sample
S3,WWOX,0.36192,0.25368,Healthy_sample
S3,RTN4R,3.95673,383.80891,Healthy_sample
S3,Abeta42,4.18225,37.97279,Healthy_sample
S3,NGF,-0.29778,,Healthy_sample
S3,NLGN1,-0.17714,,Healthy_sample
S3,NPTX2,8.69906,6706.06848,Healthy_sample
S3,MOG,9.31957,45.19437,Healthy_sample
S4,VSNL1,3.13125,25.49931,Diseased_sample
S4,OMG,5.50464,67.97561,Diseased_sample
S4,STX1B,4.10366,97.70808,Diseased_sample
S4,NPTXR,11.41039,1282.61556,Diseased_sample
S4,SYT1,3.87522,19.41828,Diseased_sample
S4,ENO2,11.95676,46005.74226,Diseased_sample
S4,Inc Ctrl,-0.09977,,Diseased_sample
S4,TREM1,14.59936,335.53889,Diseased_sample
S4,S100B,0.55821,1.82901,Diseased_sample
S4,DDAH1,6.65726,566.00595,Diseased_sample
S4,KLK8,9.30727,1705.89035,Diseased_sample
S4,FOXO3,4.12412,73.82572,Diseased_sample
S4,DDC,10.5791,1256.50077,Diseased_sample
S4,ITGAM,9.53431,5966.52339,Diseased_sample
S4,MMP10,12.21811,431.3161,Diseased_sample
S4,SNCAIP,1.41047,1.50384,Diseased_sample
S4,TREM2,16.52996,46661.1635,Diseased_sample
S4,Det Ctrl,0.11128,,Diseased_sample
S4,ITGB2,10.58752,35017.72994,Diseased_sample
S4,SMOC1,6.63785,2607.66139,Diseased_sample
S4,BACE1,5.5689,327.40187,Diseased_sample
S4,SCG2,7.82781,4008.36753,Diseased_sample
S4,BMP7,6.31655,5420.59747,Diseased_sample
S4,NPTX1,8.16193,7733.92655,Diseased_sample
S4,HLA-DRA,2.76771,428.69393,Diseased_sample
S4,EIF2AK2,8.65032,37436.37851,Diseased_sample
S4,LRRK2,-0.72868,126.51817,Diseased_sample
S4,Ext Ctrl,0,,Diseased_sample
S4,SDC4,7.55705,8138.64285,Diseased_sample
S4,NEFL,5.64349,1482.78951,Diseased_sample
S4,GDNF,2.45491,0.1575,Diseased_sample
S4,CLSTN3,3.95104,446.90513,Diseased_sample
S4,AGER,13.75076,3183.25807,Diseased_sample
S4,TP53,4.46389,1.49864,Diseased_sample
S4,Abeta40,9.8175,189.47887,Diseased_sample
S4,pTau217,3.48376,0.46601,Diseased_sample
S4,GFAP,5.5789,47.21064,Diseased_sample
S4,GLRX,7.78541,426.3153,Diseased_sample
S4,WWOX,2.90687,11.24673,Diseased_sample
S4,RTN4R,4.92826,690.873,Diseased_sample
S4,Abeta42,5.32605,65.40234,Diseased_sample
S4,NGF,1.37815,1.47746,Diseased_sample
S4,NLGN1,0.35874,6.61433,Diseased_sample
S4,NPTX2,9.61287,12080.08041,Diseased_sample
S4,MOG,10.33594,87.28315,Diseased_sample
S5,VSNL1,3.23742,27.63928,Healthy_pool
S5,OMG,6.29209,106.84792,Healthy_pool
S5,STX1B,5.2991,222.56718,Healthy_pool
S5,NPTXR,11.79929,1690.51742,Healthy_pool
S5,SYT1,3.55795,15.559,Healthy_pool
S5,ENO2,9.32905,7321.64627,Healthy_pool
S5,Inc Ctrl,-0.07882,,Healthy_pool
S5,TREM1,14.30842,270.65477,Healthy_pool
S5,S100B,1.1621,5.17437,Healthy_pool
S5,DDAH1,6.66849,569.87091,Healthy_pool
S5,KLK8,9.49106,1928.31109,Healthy_pool
S5,FOXO3,2.96505,31.57685,Healthy_pool
S5,DDC,10.93743,1565.90213,Healthy_pool
S5,ITGAM,10.00053,8468.24343,Healthy_pool
S5,MMP10,11.57566,279.55526,Healthy_pool
S5,SNCAIP,0.21997,0.0947,Healthy_pool
S5,TREM2,15.09486,16796.67968,Healthy_pool
S5,Det Ctrl,0.01279,,Healthy_pool
S5,ITGB2,11.13322,49362.39216,Healthy_pool
S5,SMOC1,4.83682,1003.46158,Healthy_pool
S5,BACE1,5.85829,395.48916,Healthy_pool
S5,SCG2,6.66199,1917.45972,Healthy_pool
S5,BMP7,5.18129,2692.48867,Healthy_pool
S5,NPTX1,8.004,7033.89011,Healthy_pool
S5,HLA-DRA,2.83523,453.77183,Healthy_pool
S5,EIF2AK2,8.136,27561.72463,Healthy_pool
S5,LRRK2,1.53071,1178.59612,Healthy_pool
S5,Ext Ctrl,0,,Healthy_pool
S5,SDC4,6.86111,5174.12614,Healthy_pool
S5,NEFL,3.10445,275.62542,Healthy_pool
S5,GDNF,1.82083,0.06975,Healthy_pool
S5,CLSTN3,3.83818,418.41883,Healthy_pool
S5,AGER,13.26112,2242.45789,Healthy_pool
S5,TP53,2.3325,0.28626,Healthy_pool
S5,Abeta40,1.54139,1.55237,Healthy_pool
S5,pTau217,1.90373,0.11857,Healthy_pool
S5,GFAP,3.5001,9.19629,Healthy_pool
S5,GLRX,8.17306,550.35768,Healthy_pool
S5,WWOX,0.38477,0.27626,Healthy_pool
S5,RTN4R,4.20679,447.61522,Healthy_pool
S5,Abeta42,3.07802,20.93945,Healthy_pool
S5,NGF,0.16473,0.07077,Healthy_pool
S5,NLGN1,3.7813,538.29731,Healthy_pool
S5,NPTX2,9.2319,9433.60069,Healthy_pool
S5,MOG,9.21499,42.27317,Healthy_pool
S6,VSNL1,3.41728,31.63516,Diseased_sample
S6,OMG,7.49405,207.52717,Diseased_sample
S6,STX1B,4.48755,128.65831,Diseased_sample
S6,NPTXR,11.68014,1552.41935,Diseased_sample
S6,SYT1,3.7114,17.3392,Diseased_sample
S6,ENO2,10.7855,19429.03936,Diseased_sample
S6,Inc Ctrl,-0.11049,,Diseased_sample
S6,TREM1,14.35606,280.30439,Diseased_sample
S6,S100B,0.97548,3.91612,Diseased_sample
S6,DDAH1,6.92823,666.83537,Diseased_sample
S6,KLK8,9.35589,1761.8554,Diseased_sample
S6,FOXO3,3.77654,57.9917,Diseased_sample
S6,DDC,11.48019,2192.5829,Diseased_sample
S6,ITGAM,10.12672,9338.36741,Diseased_sample
S6,MMP10,11.13419,208.19446,Diseased_sample
S6,SNCAIP,1.28816,1.26312,Diseased_sample
S6,TREM2,14.2497,9459.38676,Diseased_sample
S6,Det Ctrl,0.03904,,Diseased_sample
S6,ITGB2,11.29922,54866.26518,Diseased_sample
S6,SMOC1,5.10356,1158.12619,Diseased_sample
S6,BACE1,6.16605,482.28773,Diseased_sample
S6,SCG2,7.06945,2472.00186,Diseased_sample
S6,BMP7,5.79749,3952.89938,Diseased_sample
S6,NPTX1,8.24056,8109.15944,Diseased_sample
S6,HLA-DRA,2.75496,424.09733,Diseased_sample
S6,EIF2AK2,8.67243,37937.99122,Diseased_sample
S6,LRRK2,0.89924,717.04304,Diseased_sample
S6,Ext Ctrl,0,,Diseased_sample
S6,SDC4,6.82345,5049.07684,Diseased_sample
S6,NEFL,3.38803,341.78658,Diseased_sample
S6,GDNF,2.31933,0.13441,Diseased_sample
S6,CLSTN3,4.52693,621.56575,Diseased_sample
S6,AGER,13.16193,2090.72512,Diseased_sample
S6,TP53,2.94806,0.48375,Diseased_sample
S6,Abeta40,0.25523,0.05941,Diseased_sample
S6,pTau217,1.72017,0.09866,Diseased_sample
S6,GFAP,3.79697,11.90432,Diseased_sample
S6,GLRX,9.40958,1312.1132,Diseased_sample
S6,WWOX,1.91014,4.2572,Diseased_sample
S6,RTN4R,4.86546,665.48907,Diseased_sample
S6,Abeta42,2.262,12.51869,Diseased_sample
S6,NGF,0.05815,0.01628,Diseased_sample
S6,NLGN1,1.853,94.45036,Diseased_sample
S6,NPTX2,9.94068,14987.10166,Diseased_sample
S6,MOG,9.22494,42.54259,Diseased_sample
S7,VSNL1,3.64756,37.51156,Healthy_sample
S7,OMG,5.92983,86.98349,Healthy_sample
S7,STX1B,7.65075,935.90389,Healthy_sample
S7,NPTXR,11.38466,1259.65233,Healthy_sample
S7,SYT1,3.39798,13.86205,Healthy_sample
S7,ENO2,10.09941,12141.239,Healthy_sample
S7,Inc Ctrl,-0.12651,,Healthy_sample
S7,TREM1,14.51338,314.81761,Healthy_sample
S7,S100B,0.7029,2.44898,Healthy_sample
S7,DDAH1,5.6317,301.3201,Healthy_sample
S7,KLK8,9.88712,2524.294,Healthy_sample
S7,FOXO3,2.22172,16.63753,Healthy_sample
S7,DDC,11.67131,2471.24376,Healthy_sample
S7,ITGAM,10.07529,8971.92819,Healthy_sample
S7,MMP10,12.11416,401.92207,Healthy_sample
S7,SNCAIP,-0.60771,,Healthy_sample
S7,TREM2,15.09353,16781.25066,Healthy_sample
S7,Det Ctrl,0.03065,,Healthy_sample
S7,ITGB2,11.0974,48253.31012,Healthy_sample
S7,SMOC1,5.58471,1496.00233,Healthy_sample
S7,BACE1,6.06537,452.09126,Healthy_sample
S7,SCG2,7.27298,2809.80285,Healthy_sample
S7,BMP7,5.88121,4161.03743,Healthy_sample
S7,NPTX1,7.22176,4412.26943,Healthy_sample
S7,HLA-DRA,1.69227,160.29402,Healthy_sample
S7,EIF2AK2,5.4731,5792.14263,Healthy_sample
S7,LRRK2,0.13434,355.96994,Healthy_sample
S7,Ext Ctrl,0,,Healthy_sample
S7,SDC4,6.28362,3553.90568,Healthy_sample
S7,NEFL,4.17498,593.78601,Healthy_sample
S7,GDNF,1.95008,0.0838,Healthy_sample
S7,CLSTN3,3.73819,394.54802,Healthy_sample
S7,AGER,12.85067,1681.15125,Healthy_sample
S7,TP53,2.62296,0.36909,Healthy_sample
S7,Abeta40,0.91317,0.61407,Healthy_sample
S7,pTau217,1.749,0.1016,Healthy_sample
S7,GFAP,4.09278,15.24163,Healthy_sample
S7,GLRX,6.14608,151.47687,Healthy_sample
S7,WWOX,-0.00364,,Healthy_sample
S7,RTN4R,4.47494,526.64886,Healthy_sample
S7,Abeta42,1.95278,10.04327,Healthy_sample
S7,NGF,0.10466,0.03985,Healthy_sample
S7,NLGN1,0.40015,7.55843,Healthy_sample
S7,NPTX2,9.34214,10130.10525,Healthy_sample
S7,MOG,9.09376,39.12965,Healthy_sample
S8,VSNL1,3.62173,36.80638,Diseased_sample
S8,OMG,4.8659,46.28987,Diseased_sample
S8,STX1B,3.35024,54.6379,Diseased_sample
S8,NPTXR,11.42375,1294.72217,Diseased_sample
S8,SYT1,3.70993,17.32139,Diseased_sample
S8,ENO2,10.59143,16972.19519,Diseased_sample
S8,Inc Ctrl,0.03286,,Diseased_sample
S8,TREM1,14.22549,254.6776,Diseased_sample
S8,S100B,1.74997,10.79769,Diseased_sample
S8,DDAH1,5.44833,268.51066,Diseased_sample
S8,KLK8,9.03733,1428.32551,Diseased_sample
S8,FOXO3,2.55289,22.42433,Diseased_sample
S8,DDC,11.80956,2695.75981,Diseased_sample
S8,ITGAM,9.35369,5231.50025,Diseased_sample
S8,MMP10,12.22554,433.49991,Diseased_sample
S8,SNCAIP,-1.27452,,Diseased_sample
S8,TREM2,15.36602,20273.9767,Diseased_sample
S8,Det Ctrl,-0.02677,,Diseased_sample
S8,ITGB2,10.33778,29983.62889,Diseased_sample
S8,SMOC1,5.73088,1616.26358,Diseased_sample
S8,BACE1,5.90461,407.53806,Diseased_sample
S8,SCG2,7.24716,2764.35971,Diseased_sample
S8,BMP7,5.93893,4310.45899,Diseased_sample
S8,NPTX1,8.13728,7620.03662,Diseased_sample
S8,HLA-DRA,2.00262,216.69918,Diseased_sample
S8,EIF2AK2,7.78333,22408.72171,Diseased_sample
S8,LRRK2,-0.89185,98.66032,Diseased_sample
S8,Ext Ctrl,0,,Diseased_sample
S8,SDC4,6.53076,4174.4415,Diseased_sample
S8,NEFL,3.85432,477.40019,Diseased_sample
S8,GDNF,2.28609,0.12915,Diseased_sample
S8,CLSTN3,4.7826,717.70007,Diseased_sample
S8,AGER,13.16481,2094.97493,Diseased_sample
S8,TP53,2.89479,0.46319,Diseased_sample
S8,Abeta40,8.48204,106.23216,Diseased_sample
S8,pTau217,1.98526,0.12837,Diseased_sample
S8,GFAP,4.80385,26.70147,Diseased_sample
S8,GLRX,6.33574,170.40795,Diseased_sample
S8,WWOX,1.54769,2.76013,Diseased_sample
S8,RTN4R,4.50412,535.99012,Diseased_sample
S8,Abeta42,6.08894,91.60186,Diseased_sample
S8,NGF,2.08368,3.28979,Diseased_sample
S8,NLGN1,1.10852,34.935,Diseased_sample
S8,NPTX2,8.48126,5839.49285,Diseased_sample
S8,MOG,8.9455,35.61005,Diseased_sample
S9,VSNL1,3.17657,26.39393,Diseased_sample
S9,OMG,5.18564,56.24037,Diseased_sample
S9,STX1B,3.87367,82.34868,Diseased_sample
S9,NPTXR,11.17358,1087.03972,Diseased_sample
S9,SYT1,4.10556,22.68413,Diseased_sample
S9,ENO2,13.28434,139523.077,Diseased_sample
S9,Inc Ctrl,0.07482,,Diseased_sample
S9,TREM1,13.9145,203.03505,Diseased_sample
S9,S100B,1.98456,13.89694,Diseased_sample
S9,DDAH1,6.94991,675.61835,Diseased_sample
S9,KLK8,9.41522,1832.89421,Diseased_sample
S9,FOXO3,5.61565,193.02319,Diseased_sample
S9,DDC,11.13025,1763.95514,Diseased_sample
S9,ITGAM,9.69357,6712.18431,Diseased_sample
S9,MMP10,11.9113,350.37236,Diseased_sample
S9,SNCAIP,1.08274,0.9172,Diseased_sample
S9,TREM2,15.41409,20966.24579,Diseased_sample
S9,Det Ctrl,0.0762,,Diseased_sample
S9,ITGB2,10.56902,34616.27899,Diseased_sample
S9,SMOC1,6.61131,2571.3638,Diseased_sample
S9,BACE1,6.10911,464.98151,Diseased_sample
S9,SCG2,7.47655,3197.29789,Diseased_sample
S9,BMP7,6.84571,7447.90751,Diseased_sample
S9,NPTX1,8.7085,10776.63549,Diseased_sample
S9,HLA-DRA,3.23908,631.71491,Diseased_sample
S9,EIF2AK2,8.67953,38100.79804,Diseased_sample
S9,LRRK2,0.58506,546.55779,Diseased_sample
S9,Ext Ctrl,0,,Diseased_sample
S9,SDC4,7.66847,8753.76882,Diseased_sample
S9,NEFL,3.93784,505.73258,Diseased_sample
S9,GDNF,1.94134,0.0828,Diseased_sample
S9,CLSTN3,5.02956,823.70844,Diseased_sample
S9,AGER,13.82996,3371.33414,Diseased_sample
S9,TP53,4.30065,1.33692,Diseased_sample
S9,Abeta40,8.78849,121.45324,Diseased_sample
S9,pTau217,2.56843,0.21915,Diseased_sample
S9,GFAP,4.31704,18.27502,Diseased_sample
S9,GLRX,7.50526,355.70239,Diseased_sample
S9,WWOX,2.45306,7.44732,Diseased_sample
S9,RTN4R,4.58816,563.76899,Diseased_sample
S9,Abeta42,5.47196,69.84553,Diseased_sample
S9,NGF,0.60455,0.39126,Diseased_sample
S9,NLGN1,1.53943,64.6519,Diseased_sample
S9,NPTX2,8.78049,7063.13262,Diseased_sample
S9,MOG,8.9901,36.63313,Diseased_sample
S10,VSNL1,3.45018,32.41988,Healthy_pool
S10,OMG,6.55727,123.95729,Healthy_pool
S10,STX1B,5.59298,269.0303,Healthy_pool
S10,NPTXR,11.91538,1837.89003,Healthy_pool
S10,SYT1,3.86123,19.23314,Healthy_pool
S10,ENO2,9.55789,8491.02902,Healthy_pool
S10,Inc Ctrl,-0.0599,,Healthy_pool
S10,TREM1,14.35304,279.6818,Healthy_pool
S10,S100B,1.51752,8.24029,Healthy_pool
S10,DDAH1,6.5788,539.68899,Healthy_pool
S10,KLK8,9.43603,1858.55384,Healthy_pool
S10,FOXO3,3.05121,33.80639,Healthy_pool
S10,DDC,10.95687,1584.78408,Healthy_pool
S10,ITGAM,10.0673,8916.44639,Healthy_pool
S10,MMP10,11.6153,287.08751,Healthy_pool
S10,SNCAIP,0.93368,0.70773,Healthy_pool
S10,TREM2,15.0926,16770.44379,Healthy_pool
S10,Det Ctrl,0.02373,,Healthy_pool
S10,ITGB2,11.10486,48481.93297,Healthy_pool
S10,SMOC1,5.30959,1292.73105,Healthy_pool
S10,BACE1,6.18601,488.49522,Healthy_pool
S10,SCG2,6.57648,1818.4398,Healthy_pool
S10,BMP7,5.03595,2454.46705,Healthy_pool
S10,NPTX1,8.09361,7422.58775,Healthy_pool
S10,HLA-DRA,3.06988,550.94622,Healthy_pool
S10,EIF2AK2,8.05764,26318.29609,Healthy_pool
S10,LRRK2,-2.42268,,Healthy_pool
S10,Ext Ctrl,0,,Healthy_pool
S10,SDC4,6.69787,4653.48351,Healthy_pool
S10,NEFL,3.27779,314.73873,Healthy_pool
S10,GDNF,1.59351,0.04893,Healthy_pool
S10,CLSTN3,3.98052,454.6268,Healthy_pool
S10,AGER,13.22991,2193.50319,Healthy_pool
S10,TP53,2.12345,0.23634,Healthy_pool
S10,Abeta40,1.18854,0.97088,Healthy_pool
S10,pTau217,0.55656,0.02361,Healthy_pool
S10,GFAP,3.80001,11.93515,Healthy_pool
S10,GLRX,8.18851,556.06138,Healthy_pool
S10,WWOX,0.22252,0.13281,Healthy_pool
S10,RTN4R,4.3854,498.92641,Healthy_pool
S10,Abeta42,1.65656,7.98665,Healthy_pool
S10,NGF,0.35876,0.19002,Healthy_pool
S10,NLGN1,3.68354,499.83867,Healthy_pool
S10,NPTX2,9.08442,8579.3457,Healthy_pool
S10,MOG,9.25084,43.25197,Healthy_pool
S11,VSNL1,3.02356,23.48095,Diseased_sample
S11,OMG,5.24284,58.20299,Diseased_sample
S11,STX1B,2.86256,36.06394,Diseased_sample
S11,NPTXR,11.23025,1130.74446,Diseased_sample
S11,SYT1,3.28163,12.72246,Diseased_sample
S11,ENO2,10.86918,20607.33134,Diseased_sample
S11,Inc Ctrl,-0.13763,,Diseased_sample
S11,TREM1,13.60868,162.83991,Diseased_sample
S11,S100B,1.73679,10.6397,Diseased_sample
S11,DDAH1,5.8817,352.07563,Diseased_sample
S11,KLK8,9.47004,1901.33686,Diseased_sample
S11,FOXO3,2.64261,24.21867,Diseased_sample
S11,DDC,10.62425,1291.74612,Diseased_sample
S11,ITGAM,9.47595,5717.00818,Diseased_sample
S11,MMP10,10.84552,171.91274,Diseased_sample
S11,SNCAIP,-0.44846,,Diseased_sample
S11,TREM2,13.5334,5888.10225,Diseased_sample
S11,Det Ctrl,0.02166,,Diseased_sample
S11,ITGB2,10.08749,25691.58958,Diseased_sample
S11,SMOC1,5.6471,1546.22529,Diseased_sample
S11,BACE1,5.90523,407.70211,Diseased_sample
S11,SCG2,6.75374,2029.88741,Diseased_sample
S11,BMP7,6.09371,4736.50775,Diseased_sample
S11,NPTX1,7.9363,6754.26858,Diseased_sample
S11,HLA-DRA,1.62964,150.50658,Diseased_sample
S11,EIF2AK2,8.13407,27530.32373,Diseased_sample
S11,LRRK2,-0.6812,135.42731,Diseased_sample
S11,Ext Ctrl,0,,Diseased_sample
S11,SDC4,6.10437,3161.35228,Diseased_sample
S11,NEFL,2.71052,200.6467,Diseased_sample
S11,GDNF,2.34928,0.13929,Diseased_sample
S11,CLSTN3,3.94748,445.98169,Diseased_sample
S11,AGER,13.51312,2682.95144,Diseased_sample
S11,TP53,3.12111,0.55584,Diseased_sample
S11,Abeta40,7.58785,71.40425,Diseased_sample
S11,pTau217,1.03549,0.04578,Diseased_sample
S11,GFAP,3.85661,12.52198,Diseased_sample
S11,GLRX,6.36504,173.5385,Diseased_sample
S11,WWOX,2.24005,6.04147,Diseased_sample
S11,RTN4R,4.58634,563.15479,Diseased_sample
S11,Abeta42,2.73816,17.06965,Diseased_sample
S11,NGF,1.60827,1.96601,Diseased_sample
S11,NLGN1,0.92826,25.72922,Diseased_sample
S11,NPTX2,9.78102,13488.0053,Diseased_sample
S11,MOG,8.7761,31.98503,Diseased_sample
S12,VSNL1,3.22327,27.345,Healthy_pool
S12,OMG,6.57175,124.96151,Healthy_pool
S12,STX1B,5.51185,255.41354,Healthy_pool
S12,NPTXR,11.78993,1679.20455,Healthy_pool
S12,SYT1,3.5499,15.46985,Healthy_pool
S12,ENO2,9.44009,7865.87789,Healthy_pool
S12,Inc Ctrl,-0.13328,,Healthy_pool
S12,TREM1,14.365,282.15536,Healthy_pool
S12,S100B,0.86242,3.25725,Healthy_pool
S12,DDAH1,6.5309,524.2113,Healthy_pool
S12,KLK8,9.4901,1927.07648,Healthy_pool
S12,FOXO3,2.66968,24.7806,Healthy_pool
S12,DDC,10.99961,1627.12757,Healthy_pool
S12,ITGAM,10.10017,9147.09,Healthy_pool
S12,MMP10,11.64451,292.77107,Healthy_pool
S12,SNCAIP,1.50889,1.71805,Healthy_pool
S12,TREM2,15.16024,17572.97081,Healthy_pool
S12,Det Ctrl,0.06115,,Healthy_pool
S12,ITGB2,11.10384,48450.76638,Healthy_pool
S12,SMOC1,4.82046,994.63538,Healthy_pool
S12,BACE1,6.19826,492.34204,Healthy_pool
S12,SCG2,6.61297,1860.02852,Healthy_pool
S12,BMP7,5.33473,2966.14951,Healthy_pool
S12,NPTX1,8.06288,7286.83107,Healthy_pool
S12,HLA-DRA,3.07813,554.66489,Healthy_pool
S12,EIF2AK2,8.06839,26485.35337,Healthy_pool
S12,LRRK2,-0.7814,117.05837,Healthy_pool
S12,Ext Ctrl,0,,Healthy_pool
S12,SDC4,7.01067,5702.12293,Healthy_pool
S12,NEFL,3.37037,337.33432,Healthy_pool
S12,GDNF,2.10655,0.10323,Healthy_pool
S12,CLSTN3,4.12245,493.51414,Healthy_pool
S12,AGER,13.27714,2268.04976,Healthy_pool
S12,TP53,2.00313,0.21085,Healthy_pool
S12,Abeta40,1.6854,1.83373,Healthy_pool
S12,pTau217,1.31186,0.06358,Healthy_pool
S12,GFAP,3.82525,12.19391,Healthy_pool
S12,GLRX,8.43785,657.78804,Healthy_pool
S12,WWOX,0.42123,0.31399,Healthy_pool
S12,RTN4R,4.41129,506.80069,Healthy_pool
S12,Abeta42,3.0919,21.10948,Healthy_pool
S12,NGF,0.0937,0.03439,Healthy_pool
S12,NLGN1,3.98518,626.46109,Healthy_pool
S12,NPTX2,9.37581,10353.40355,Healthy_pool
S12,MOG,9.27618,43.95793,Healthy_pool
S13,VSNL1,2.53465,15.98196,Diseased_sample
S13,OMG,5.79282,80.39364,Diseased_sample
S13,STX1B,3.62947,68.27323,Diseased_sample
S13,NPTXR,11.32994,1212.25623,Diseased_sample
S13,SYT1,3.62069,16.2681,Diseased_sample
S13,ENO2,12.32875,61732.72735,Diseased_sample
S13,Inc Ctrl,-0.1928,,Diseased_sample
S13,TREM1,15.29842,567.95866,Diseased_sample
S13,S100B,1.37825,6.92593,Diseased_sample
S13,DDAH1,7.93455,1222.75825,Diseased_sample
S13,KLK8,8.57101,1057.14429,Diseased_sample
S13,FOXO3,4.90649,123.65518,Diseased_sample
S13,DDC,10.95152,1579.56471,Diseased_sample
S13,ITGAM,10.03918,8724.47265,Diseased_sample
S13,MMP10,11.03081,194.3754,Diseased_sample
S13,SNCAIP,-1.42818,,Diseased_sample
S13,TREM2,15.37518,20404.01058,Diseased_sample
S13,Det Ctrl,0.04447,,Diseased_sample
S13,ITGB2,11.35985,57035.40785,Diseased_sample
S13,SMOC1,10.63863,26247.60409,Diseased_sample
S13,BACE1,5.42678,298.09813,Diseased_sample
S13,SCG2,7.4573,3158.30759,Diseased_sample
S13,BMP7,6.00188,4479.17483,Diseased_sample
S13,NPTX1,7.95701,6838.54317,Diseased_sample
S13,HLA-DRA,3.05912,546.12812,Diseased_sample
S13,EIF2AK2,11.65365,289187.1006,Diseased_sample
S13,LRRK2,2.55142,2400.34921,Diseased_sample
S13,Ext Ctrl,0,,Diseased_sample
S13,SDC4,7.66973,8760.98163,Diseased_sample
S13,NEFL,5.06958,1050.84446,Diseased_sample
S13,GDNF,2.20129,0.1164,Diseased_sample
S13,CLSTN3,5.34189,979.28987,Diseased_sample
S13,AGER,13.53204,2719.54586,Diseased_sample
S13,TP53,4.63352,1.68502,Diseased_sample
S13,Abeta40,8.59987,111.85695,Diseased_sample
S13,pTau217,1.81967,0.1091,Diseased_sample
S13,GFAP,5.14586,34.49193,Diseased_sample
S13,GLRX,9.96427,2013.72137,Diseased_sample
S13,WWOX,3.16127,13.94808,Diseased_sample
S13,RTN4R,4.8104,643.97954,Diseased_sample
S13,Abeta42,6.25647,98.4399,Diseased_sample
S13,NGF,1.71194,2.21626,Diseased_sample
S13,NLGN1,-0.22402,,Diseased_sample
S13,NPTX2,9.13961,8889.15399,Diseased_sample
S13,MOG,9.54617,52.2629,Diseased_sample
S14,VSNL1,3.36235,30.36285,Diseased_sample
S14,OMG,6.59681,126.71727,Diseased_sample
S14,STX1B,3.9608,87.9128,Diseased_sample
S14,NPTXR,11.86066,1766.76663,Diseased_sample
S14,SYT1,3.90874,19.86786,Diseased_sample
S14,ENO2,13.43157,159661.1289,Diseased_sample
S14,Inc Ctrl,-0.06974,,Diseased_sample
S14,TREM1,14.34577,278.18958,Diseased_sample
S14,S100B,1.27445,6.04305,Diseased_sample
S14,DDAH1,7.52775,956.96354,Diseased_sample
S14,KLK8,9.65403,2152.34716,Diseased_sample
S14,FOXO3,4.95011,127.15197,Diseased_sample
S14,DDC,10.83075,1466.3523,Diseased_sample
S14,ITGAM,9.71437,6817.15441,Diseased_sample
S14,MMP10,11.43123,253.79097,Diseased_sample
S14,SNCAIP,4.20607,21.04945,Diseased_sample
S14,TREM2,15.13735,17296.87202,Diseased_sample
S14,Det Ctrl,0.12493,,Diseased_sample
S14,ITGB2,10.70544,37695.4131,Diseased_sample
S14,SMOC1,6.59718,2552.25045,Diseased_sample
S14,BACE1,5.8357,389.73392,Diseased_sample
S14,SCG2,7.54314,3336.21793,Diseased_sample
S14,BMP7,6.6495,6622.29902,Diseased_sample
S14,NPTX1,8.78286,11279.97363,Diseased_sample
S14,HLA-DRA,3.11433,571.2463,Diseased_sample
S14,EIF2AK2,9.9272,83193.14399,Diseased_sample
S14,LRRK2,1.03773,803.62529,Diseased_sample
S14,Ext Ctrl,0,,Diseased_sample
S14,SDC4,7.61415,8448.15992,Diseased_sample
S14,NEFL,4.19239,600.71892,Diseased_sample
S14,GDNF,2.48449,0.1629,Diseased_sample
S14,CLSTN3,4.18567,511.78541,Diseased_sample
S14,AGER,13.5333,2721.99609,Diseased_sample
S14,TP53,4.53917,1.57894,Diseased_sample
S14,Abeta40,10.05792,210.1028,Diseased_sample
S14,pTau217,3.12312,0.3496,Diseased_sample
S14,GFAP,4.47073,20.6418,Diseased_sample
S14,GLRX,8.09483,522.4476,Diseased_sample
S14,WWOX,3.27245,15.2789,Diseased_sample
S14,RTN4R,5.21741,820.60247,Diseased_sample
S14,Abeta42,6.15641,94.30352,Diseased_sample
S14,NGF,2.38618,4.3992,Diseased_sample
S14,NLGN1,0.82062,21.02012,Diseased_sample
S14,NPTX2,9.28926,9789.50474,Diseased_sample
S14,MOG,9.68103,57.00424,Diseased_sample
S15,VSNL1,3.78784,41.56279,Diseased_sample
S15,OMG,6.53928,122.72008,Diseased_sample
S15,STX1B,4.24768,108.48676,Diseased_sample
S15,NPTXR,11.5773,1442.97937,Diseased_sample
S15,SYT1,4.85996,36.81346,Diseased_sample
S15,ENO2,9.87131,10430.07723,Diseased_sample
S15,Inc Ctrl,-0.13323,,Diseased_sample
S15,TREM1,15.40074,614.22372,Diseased_sample
S15,S100B,2.18729,17.05175,Diseased_sample
S15,DDAH1,6.60721,549.07911,Diseased_sample
S15,KLK8,9.80105,2379.23844,Diseased_sample
S15,FOXO3,2.60032,23.36007,Diseased_sample
S15,DDC,10.86759,1499.96555,Diseased_sample
S15,ITGAM,9.53842,5984.51615,Diseased_sample
S15,MMP10,12.9794,727.32922,Diseased_sample
S15,SNCAIP,1.21235,1.12729,Diseased_sample
S15,TREM2,16.30466,39566.29156,Diseased_sample
S15,Det Ctrl,0.02761,,Diseased_sample
S15,ITGB2,10.74141,38554.46894,Diseased_sample
S15,SMOC1,8.30512,6402.6409,Diseased_sample
S15,BACE1,5.74934,368.44211,Diseased_sample
S15,SCG2,8.44154,6026.77449,Diseased_sample
S15,BMP7,7.22984,9369.21372,Diseased_sample
S15,NPTX1,8.98586,12786.61166,Diseased_sample
S15,HLA-DRA,2.97035,507.74045,Diseased_sample
S15,EIF2AK2,5.84445,7232.95875,Diseased_sample
S15,LRRK2,0.86848,698.81159,Diseased_sample
S15,Ext Ctrl,0,,Diseased_sample
S15,SDC4,5.0283,1547.81362,Diseased_sample
S15,NEFL,6.36783,2251.63594,Diseased_sample
S15,GDNF,2.86802,0.24621,Diseased_sample
S15,CLSTN3,5.03502,826.21212,Diseased_sample
S15,AGER,15.18653,9356.80097,Diseased_sample
S15,TP53,3.92496,1.02202,Diseased_sample
S15,Abeta40,11.49093,389.47508,Diseased_sample
S15,pTau217,3.70837,0.55443,Diseased_sample
S15,GFAP,5.11574,33.73347,Diseased_sample
S15,GLRX,7.46272,346.13103,Diseased_sample
S15,WWOX,0.77918,0.80247,Diseased_sample
S15,RTN4R,5.49507,968.13898,Diseased_sample
S15,Abeta42,6.33078,101.61434,Diseased_sample
S15,NGF,2.28126,3.98778,Diseased_sample
S15,NLGN1,1.31228,47.52981,Diseased_sample
S15,NPTX2,9.29144,9803.33836,Diseased_sample
S15,MOG,9.38986,47.27435,Diseased_sample
S16,VSNL1,3.37349,30.61701,Healthy_pool
S16,OMG,6.59084,126.2969,Healthy_pool
S16,STX1B,5.53045,258.47932,Healthy_pool
S16,NPTXR,11.905,1824.16214,Healthy_pool
S16,SYT1,3.71383,17.36868,Healthy_pool
S16,ENO2,9.61362,8805.18803,Healthy_pool
S16,Inc Ctrl,-0.06191,,Healthy_pool
S16,TREM1,14.37189,283.58959,Healthy_pool
S16,S100B,1.19951,5.45391,Healthy_pool
S16,DDAH1,6.52989,523.8902,Healthy_pool
S16,KLK8,9.55497,2012.95031,Healthy_pool
S16,FOXO3,2.93218,30.75696,Healthy_pool
S16,DDC,11.01855,1646.26642,Healthy_pool
S16,ITGAM,10.09864,9136.17378,Healthy_pool
S16,MMP10,11.73108,310.30573,Healthy_pool
S16,SNCAIP,0.77259,0.51665,Healthy_pool
S16,TREM2,15.10582,16924.23739,Healthy_pool
S16,Det Ctrl,0.1024,,Healthy_pool
S16,ITGB2,11.231,52529.96561,Healthy_pool
S16,SMOC1,5.04821,1124.29754,Healthy_pool
S16,BACE1,6.18727,488.88928,Healthy_pool
S16,SCG2,6.69539,1957.61704,Healthy_pool
S16,BMP7,5.11952,2588.91616,Healthy_pool
S16,NPTX1,8.08101,7366.63541,Healthy_pool
S16,HLA-DRA,2.89774,478.09227,Healthy_pool
S16,EIF2AK2,8.04541,26129.75179,Healthy_pool
S16,LRRK2,0.68073,594.88998,Healthy_pool
S16,Ext Ctrl,0,,Healthy_pool
S16,SDC4,6.86049,5172.04884,Healthy_pool
S16,NEFL,3.38726,341.59187,Healthy_pool
S16,GDNF,2.19737,0.11583,Healthy_pool
S16,CLSTN3,3.59396,362.23937,Healthy_pool
S16,AGER,13.32699,2349.65048,Healthy_pool
S16,TP53,1.66838,0.15082,Healthy_pool
S16,Abeta40,1.40438,1.30902,Healthy_pool
S16,pTau217,0.76413,0.03203,Healthy_pool
S16,GFAP,3.48303,9.05772,Healthy_pool
S16,GLRX,8.12502,533.02835,Healthy_pool
S16,WWOX,0.10083,0.04963,Healthy_pool
S16,RTN4R,4.18644,442.08612,Healthy_pool
S16,Abeta42,1.94663,9.99756,Healthy_pool
S16,NGF,-0.25646,,Healthy_pool
S16,NLGN1,4.04869,656.28007,Healthy_pool
S16,NPTX2,9.11821,8767.63106,Healthy_pool
S16,MOG,9.09439,39.14541,Healthy_pool
S17,VSNL1,3.49986,33.63873,Diseased_sample
S17,OMG,6.71844,135.57271,Diseased_sample
S17,STX1B,3.9936,90.08638,Diseased_sample
S17,NPTXR,12.41073,2643.06752,Diseased_sample
S17,SYT1,4.12624,22.99836,Diseased_sample
S17,ENO2,12.86169,96131.88575,Diseased_sample
S17,Inc Ctrl,0.00352,,Diseased_sample
S17,TREM1,13.96342,210.37102,Diseased_sample
S17,S100B,2.08716,15.43473,Diseased_sample
S17,DDAH1,6.29118,452.94628,Diseased_sample
S17,KLK8,9.81837,2407.67767,Diseased_sample
S17,FOXO3,3.77134,57.77833,Diseased_sample
S17,DDC,11.27818,1933.39933,Diseased_sample
S17,ITGAM,10.05651,8842.2568,Diseased_sample
S17,MMP10,10.64234,150.31473,Diseased_sample
S17,SNCAIP,1.90834,2.80049,Diseased_sample
S17,TREM2,14.7434,13200.58827,Diseased_sample
S17,Det Ctrl,0.0103,,Diseased_sample
S17,ITGB2,11.10872,48600.78885,Diseased_sample
S17,SMOC1,5.9453,1809.95053,Diseased_sample
S17,BACE1,6.39927,559.74825,Diseased_sample
S17,SCG2,7.56247,3377.74696,Diseased_sample
S17,BMP7,6.29722,5357.70124,Diseased_sample
S17,NPTX1,8.09549,7430.9808,Diseased_sample
S17,HLA-DRA,3.51418,785.15658,Diseased_sample
S17,EIF2AK2,7.78172,22387.63923,Diseased_sample
S17,LRRK2,1.91991,1562.53228,Diseased_sample
S17,Ext Ctrl,0,,Diseased_sample
S17,SDC4,7.21235,6501.02864,Diseased_sample
S17,NEFL,3.34934,332.09408,Diseased_sample
S17,GDNF,2.26002,0.12513,Diseased_sample
S17,CLSTN3,4.27019,537.17799,Diseased_sample
S17,AGER,13.95964,3705.35822,Diseased_sample
S17,TP53,3.97036,1.05623,Diseased_sample
S17,Abeta40,7.74875,76.76239,Diseased_sample
S17,pTau217,2.01368,0.13193,Diseased_sample
S17,GFAP,5.8188,55.9372,Diseased_sample
S17,GLRX,7.20579,293.86338,Diseased_sample
S17,WWOX,2.39953,7.07345,Diseased_sample
S17,RTN4R,4.98877,716.22539,Diseased_sample
S17,Abeta42,4.81357,51.61563,Diseased_sample
S17,NGF,0.94655,0.77793,Diseased_sample
S17,NLGN1,1.20259,40.44576,Diseased_sample
S17,NPTX2,9.36874,10306.07496,Diseased_sample
S17,MOG,9.29659,44.53507,Diseased_sample
S18,VSNL1,3.67784,38.35419,Diseased_sample
S18,OMG,6.74111,137.28634,Diseased_sample
S18,STX1B,4.15519,101.4564,Diseased_sample
S18,NPTXR,12.11422,2123.61263,Diseased_sample
S18,SYT1,4.36992,26.98515,Diseased_sample
S18,ENO2,12.85031,95198.53916,Diseased_sample
S18,Inc Ctrl,-0.09524,,Diseased_sample
S18,TREM1,14.50604,313.11145,Diseased_sample
S18,S100B,2.11389,15.85488,Diseased_sample
S18,DDAH1,7.03422,710.88261,Diseased_sample
S18,KLK8,8.92307,1325.95323,Diseased_sample
S18,FOXO3,3.98714,67.19853,Diseased_sample
S18,DDC,11.60717,2373.81166,Diseased_sample
S18,ITGAM,10.02897,8655.94168,Diseased_sample
S18,MMP10,11.34719,239.93596,Diseased_sample
S18,SNCAIP,1.00608,0.80536,Diseased_sample
S18,TREM2,15.45955,21644.02018,Diseased_sample
S18,Det Ctrl,0.14188,,Diseased_sample
S18,ITGB2,11.29666,54776.8559,Diseased_sample
S18,SMOC1,6.43727,2345.76018,Diseased_sample
S18,BACE1,6.3309,535.89404,Diseased_sample
S18,SCG2,8.41053,5901.04255,Diseased_sample
S18,BMP7,6.49227,6025.81949,Diseased_sample
S18,NPTX1,8.55206,9794.1679,Diseased_sample
S18,HLA-DRA,3.56667,817.885,Diseased_sample
S18,EIF2AK2,8.95413,45008.49308,Diseased_sample
S18,LRRK2,0.31093,423.79761,Diseased_sample
S18,Ext Ctrl,0,,Diseased_sample
S18,SDC4,7.18623,6391.48569,Diseased_sample
S18,NEFL,5.1284,1089.31373,Diseased_sample
S18,GDNF,2.2058,0.11705,Diseased_sample
S18,CLSTN3,4.75224,705.59808,Diseased_sample
S18,AGER,13.18735,2128.55144,Diseased_sample
S18,TP53,4.43856,1.47245,Diseased_sample
S18,Abeta40,9.36918,156.20902,Diseased_sample
S18,pTau217,3.24283,0.38507,Diseased_sample
S18,GFAP,5.47741,43.90321,Diseased_sample
S18,GLRX,7.39138,330.6924,Diseased_sample
S18,WWOX,2.68085,9.20576,Diseased_sample
S18,RTN4R,4.84232,656.36602,Diseased_sample
S18,Abeta42,4.99984,56.31745,Diseased_sample
S18,NGF,1.30009,1.33118,Diseased_sample
S18,NLGN1,0.29329,5.24901,Diseased_sample
S18,NPTX2,9.93274,14908.44761,Diseased_sample
S18,MOG,9.63971,55.50606,Diseased_sample
S19,VSNL1,4.16723,54.62342,Diseased_sample
S19,OMG,5.8246,81.88041,Diseased_sample
S19,STX1B,3.43956,58.73655,Diseased_sample
S19,NPTXR,11.41705,1288.64009,Diseased_sample
S19,SYT1,3.55459,15.52175,Diseased_sample
S19,ENO2,9.97499,11173.02215,Diseased_sample
S19,Inc Ctrl,-0.12147,,Diseased_sample
S19,TREM1,14.85653,406.52761,Diseased_sample
S19,S100B,0.87663,3.33602,Diseased_sample
S19,DDAH1,6.53066,524.13444,Diseased_sample
S19,KLK8,9.95696,2649.21365,Diseased_sample
S19,FOXO3,2.80873,27.82362,Diseased_sample
S19,DDC,12.1457,3335.79002,Diseased_sample
S19,ITGAM,9.73319,6913.754,Diseased_sample
S19,MMP10,12.35036,471.96006,Diseased_sample
S19,SNCAIP,0.87327,0.63196,Diseased_sample
S19,TREM2,16.34663,40795.25363,Diseased_sample
S19,Det Ctrl,-0.01182,,Diseased_sample
S19,ITGB2,10.9735,44614.61715,Diseased_sample
S19,SMOC1,6.83562,2895.12799,Diseased_sample
S19,BACE1,6.20855,495.59881,Diseased_sample
S19,SCG2,7.69485,3677.69877,Diseased_sample
S19,BMP7,6.77912,7157.03077,Diseased_sample
S19,NPTX1,8.77318,11213.02512,Diseased_sample
S19,HLA-DRA,4.39141,1518.86798,Diseased_sample
S19,EIF2AK2,5.61512,6308.5839,Diseased_sample
S19,LRRK2,-2.41823,,Diseased_sample
S19,Ext Ctrl,0,,Diseased_sample
S19,SDC4,6.18646,3335.58232,Diseased_sample
S19,NEFL,4.58461,775.87276,Diseased_sample
S19,GDNF,2.41106,0.14974,Diseased_sample
S19,CLSTN3,4.73892,700.34806,Diseased_sample
S19,AGER,13.06612,1954.44022,Diseased_sample
S19,TP53,3.48105,0.73499,Diseased_sample
S19,Abeta40,9.86474,193.36687,Diseased_sample
S19,pTau217,2.59337,0.22397,Diseased_sample
S19,GFAP,5.12559,33.97991,Diseased_sample
S19,GLRX,6.7184,216.27355,Diseased_sample
S19,WWOX,1.61713,3.01371,Diseased_sample
S19,RTN4R,5.43538,934.29586,Diseased_sample
S19,Abeta42,5.55296,72.4203,Diseased_sample
S19,NGF,1.47079,1.66352,Diseased_sample
S19,NLGN1,0.18658,3.34523,Diseased_sample
S19,NPTX2,9.61215,12074.37722,Diseased_sample
S19,MOG,9.39546,47.44439,Diseased_sample
S20,VSNL1,4.28669,59.46642,Diseased_sample
S20,OMG,6.04921,93.12065,Diseased_sample
S20,STX1B,4.16593,102.25278,Diseased_sample
S20,NPTXR,11.72273,1600.3247,Diseased_sample
S20,SYT1,4.42035,27.87924,Diseased_sample
S20,ENO2,11.3919,30031.01843,Diseased_sample
S20,Inc Ctrl,-0.10422,,Diseased_sample
S20,TREM1,15.28629,562.7209,Diseased_sample
S20,S100B,1.88946,12.57315,Diseased_sample
S20,DDAH1,8.68812,1931.75152,Diseased_sample
S20,KLK8,9.8177,2406.57148,Diseased_sample
S20,FOXO3,5.26877,155.54927,Diseased_sample
S20,DDC,11.87174,2803.62627,Diseased_sample
S20,ITGAM,10.32862,10953.27364,Diseased_sample
S20,MMP10,12.75035,620.83677,Diseased_sample
S20,SNCAIP,1.2913,1.26897,Diseased_sample
S20,TREM2,16.2375,37681.35903,Diseased_sample
S20,Det Ctrl,0.10664,,Diseased_sample
S20,ITGB2,11.23815,52769.72949,Diseased_sample
S20,SMOC1,7.4238,3960.20388,Diseased_sample
S20,BACE1,6.21823,498.6787,Diseased_sample
S20,SCG2,8.06898,4694.74308,Diseased_sample
S20,BMP7,6.4609,5913.17958,Diseased_sample
S20,NPTX1,8.46602,9294.7049,Diseased_sample
S20,HLA-DRA,3.34015,684.72258,Diseased_sample
S20,EIF2AK2,11.33224,224412.7911,Diseased_sample
S20,LRRK2,2.392,2159.80143,Diseased_sample
S20,Ext Ctrl,0,,Diseased_sample
S20,SDC4,7.12791,6153.60701,Diseased_sample
S20,NEFL,4.96273,983.96914,Diseased_sample
S20,GDNF,2.57009,0.1793,Diseased_sample
S20,CLSTN3,3.80026,409.21897,Diseased_sample
S20,AGER,13.17552,2110.85185,Diseased_sample
S20,TP53,3.14082,0.56459,Diseased_sample
S20,Abeta40,8.12809,90.89389,Diseased_sample
S20,pTau217,2.93067,0.29843,Diseased_sample
S20,GFAP,4.76659,25.95449,Diseased_sample
S20,GLRX,9.97234,2026.7708,Diseased_sample
S20,WWOX,2.61937,8.70329,Diseased_sample
S20,RTN4R,4.97823,711.74623,Diseased_sample
S20,Abeta42,4.77527,50.68998,Diseased_sample
S20,NGF,2.05907,3.20948,Diseased_sample
S20,NLGN1,1.66164,75.35765,Diseased_sample
S20,NPTX2,10.01304,15724.15975,Diseased_sample
S20,MOG,9.84022,63.18144,Diseased_sample
S21,VSNL1,3.0753,24.43212,Healthy_sample
S21,OMG,7.0577,163.47346,Healthy_sample
S21,STX1B,4.04154,93.34249,Healthy_sample
S21,NPTXR,12.13158,2150.75858,Healthy_sample
S21,SYT1,4.15516,23.4439,Healthy_sample
S21,ENO2,8.57874,4548.71929,Healthy_sample
S21,Inc Ctrl,-0.15173,,Healthy_sample
S21,TREM1,14.15549,241.96218,Healthy_sample
S21,S100B,1.23178,5.70279,Healthy_sample
S21,DDAH1,4.95528,195.8285,Healthy_sample
S21,KLK8,8.97835,1374.45748,Healthy_sample
S21,FOXO3,1.03652,4.16477,Healthy_sample
S21,DDC,10.34705,1090.316,Healthy_sample
S21,ITGAM,9.52966,5946.18215,Healthy_sample
S21,MMP10,12.10637,399.80447,Healthy_sample
S21,SNCAIP,1.56017,1.83733,Healthy_sample
S21,TREM2,15.08251,16654.08844,Healthy_sample
S21,Det Ctrl,0.02692,,Healthy_sample
S21,ITGB2,10.62398,35823.67436,Healthy_sample
S21,SMOC1,5.05879,1130.6872,Healthy_sample
S21,BACE1,6.27094,515.77096,Healthy_sample
S21,SCG2,6.78562,2070.53372,Healthy_sample
S21,BMP7,4.90423,2255.18702,Healthy_sample
S21,NPTX1,8.26146,8212.06672,Healthy_sample
S21,HLA-DRA,3.29352,659.80307,Healthy_sample
S21,EIF2AK2,2.74133,878.06308,Healthy_sample
S21,LRRK2,-0.44493,185.56056,Healthy_sample
S21,Ext Ctrl,0,,Healthy_sample
S21,SDC4,6.48807,4060.12914,Healthy_sample
S21,NEFL,2.68525,196.43359,Healthy_sample
S21,GDNF,1.91999,0.08038,Healthy_sample
S21,CLSTN3,3.27599,299.06615,Healthy_sample
S21,AGER,12.68367,1497.1873,Healthy_sample
S21,TP53,2.35072,0.29098,Healthy_sample
S21,Abeta40,1.47978,1.44008,Healthy_sample
S21,pTau217,1.20753,0.05636,Healthy_sample
S21,GFAP,3.62869,10.29792,Healthy_sample
S21,GLRX,4.56592,56.10623,Healthy_sample
S21,WWOX,-0.06815,,Healthy_sample
S21,RTN4R,4.34918,488.10402,Healthy_sample
S21,Abeta42,4.70428,49.00938,Healthy_sample
S21,NGF,2.53766,5.04766,Healthy_sample
S21,NLGN1,1.87854,97.22827,Healthy_sample
S21,NPTX2,9.56502,11708.5245,Healthy_sample
S21,MOG,9.64736,55.78025,Healthy_sample
S22,VSNL1,3.18356,26.5344,Healthy_pool
S22,OMG,6.42896,115.38333,Healthy_pool
S22,STX1B,5.37032,233.11941,Healthy_pool
S22,NPTXR,11.73436,1613.6896,Healthy_pool
S22,SYT1,3.59614,15.98757,Healthy_pool
S22,ENO2,9.40407,7684.77966,Healthy_pool
S22,Inc Ctrl,-0.10093,,Healthy_pool
S22,TREM1,14.32994,274.96857,Healthy_pool
S22,S100B,1.29118,6.17997,Healthy_pool
S22,DDAH1,6.47845,507.7532,Healthy_pool
S22,KLK8,9.49249,1930.16124,Healthy_pool
S22,FOXO3,3.19965,37.93493,Healthy_pool
S22,DDC,10.92062,1549.76524,Healthy_pool
S22,ITGAM,10.06768,8919.12757,Healthy_pool
S22,MMP10,11.56505,277.57349,Healthy_pool
S22,SNCAIP,1.2676,1.22531,Healthy_pool
S22,TREM2,15.08194,16647.61865,Healthy_pool
S22,Det Ctrl,0.02308,,Healthy_pool
S22,ITGB2,11.19853,51455.00179,Healthy_pool
S22,SMOC1,4.92555,1052.61845,Healthy_pool
S22,BACE1,5.97647,426.91883,Healthy_pool
S22,SCG2,6.66518,1921.24914,Healthy_pool
S22,BMP7,5.21859,2756.82612,Healthy_pool
S22,NPTX1,7.99865,7011.36178,Healthy_pool
S22,HLA-DRA,3.0736,552.62232,Healthy_pool
S22,EIF2AK2,8.01409,25652.94982,Healthy_pool
S22,LRRK2,-1.18993,57.89934,Healthy_pool
S22,Ext Ctrl,0,,Healthy_pool
S22,SDC4,6.95125,5486.18255,Healthy_pool
S22,NEFL,3.54378,383.10178,Healthy_pool
S22,GDNF,1.72914,0.06079,Healthy_pool
S22,CLSTN3,3.51357,345.25928,Healthy_pool
S22,AGER,13.21516,2170.75884,Healthy_pool
S22,TP53,2.35428,0.29191,Healthy_pool
S22,Abeta40,0.95468,0.66278,Healthy_pool
S22,pTau217,1.77287,0.10408,Healthy_pool
S22,GFAP,3.66423,10.62108,Healthy_pool
S22,GLRX,8.17093,549.57582,Healthy_pool
S22,WWOX,0.06742,0.02974,Healthy_pool
S22,RTN4R,4.20084,445.99168,Healthy_pool
S22,Abeta42,4.1355,37.08952,Healthy_pool
S22,NGF,-0.23723,,Healthy_pool
S22,NLGN1,4.02524,645.13359,Healthy_pool
S22,NPTX2,9.09536,8639.83964,Healthy_pool
S22,MOG,9.14046,40.31106,Healthy_pool
S23,VSNL1,3.65842,37.81179,Diseased_sample
S23,OMG,7.04411,162.25753,Diseased_sample
S23,STX1B,6.05312,359.35659,Diseased_sample
S23,NPTXR,12.99974,4136.82754,Diseased_sample
S23,SYT1,5.1285,43.42195,Diseased_sample
S23,ENO2,12.93792,102658.9504,Diseased_sample
S23,Inc Ctrl,-0.04757,,Diseased_sample
S23,TREM1,13.82174,189.85123,Diseased_sample
S23,S100B,1.66975,9.86079,Diseased_sample
S23,DDAH1,7.45534,916.14568,Diseased_sample
S23,KLK8,9.84097,2445.32607,Diseased_sample
S23,FOXO3,4.04502,69.93428,Diseased_sample
S23,DDC,12.17205,3392.31413,Diseased_sample
S23,ITGAM,9.62161,6362.94976,Diseased_sample
S23,MMP10,12.10288,398.86035,Diseased_sample
S23,SNCAIP,2.74275,6.50566,Diseased_sample
S23,TREM2,15.74693,26503.61214,Diseased_sample
S23,Det Ctrl,-0.02549,,Diseased_sample
S23,ITGB2,11.0539,46941.30386,Diseased_sample
S23,SMOC1,6.86706,2943.74372,Diseased_sample
S23,BACE1,6.84787,743.51219,Diseased_sample
S23,SCG2,8.18913,5084.48313,Diseased_sample
S23,BMP7,6.25877,5234.68534,Diseased_sample
S23,NPTX1,8.6957,10692.4351,Diseased_sample
S23,HLA-DRA,4.06543,1194.79545,Diseased_sample
S23,EIF2AK2,8.54675,35179.67054,Diseased_sample
S23,LRRK2,-0.42974,189.13166,Diseased_sample
S23,Ext Ctrl,0,,Diseased_sample
S23,SDC4,7.686,8854.79567,Diseased_sample
S23,NEFL,4.95579,979.75869,Diseased_sample
S23,GDNF,2.45973,0.15837,Diseased_sample
S23,CLSTN3,5.10326,858.12939,Diseased_sample
S23,AGER,14.47137,5411.96159,Diseased_sample
S23,TP53,4.70923,1.77476,Diseased_sample
S23,Abeta40,9.38082,156.99561,Diseased_sample
S23,pTau217,2.81921,0.27181,Diseased_sample
S23,GFAP,5.88913,58.75821,Diseased_sample
S23,GLRX,8.36764,627.20097,Diseased_sample
S23,WWOX,3.4495,17.60751,Diseased_sample
S23,RTN4R,5.59006,1024.6225,Diseased_sample
S23,Abeta42,5.97128,87.05158,Diseased_sample
S23,NGF,2.29618,4.04449,Diseased_sample
S23,NLGN1,4.14276,702.64152,Diseased_sample
S23,NPTX2,9.32276,10003.83579,Diseased_sample
S23,MOG,10.22263,81.03686,Diseased_sample
S24,VSNL1,4.1732,54.85637,Diseased_sample
S24,OMG,6.97647,156.33426,Diseased_sample
S24,STX1B,4.21409,105.88789,Diseased_sample
S24,NPTXR,11.90365,1822.37889,Diseased_sample
S24,SYT1,3.91035,19.88967,Diseased_sample
S24,ENO2,10.36624,14540.75067,Diseased_sample
S24,Inc Ctrl,0.04696,,Diseased_sample
S24,TREM1,14.5825,331.36624,Diseased_sample
S24,S100B,1.87292,12.35259,Diseased_sample
S24,DDAH1,8.06179,1320.40477,Diseased_sample
S24,KLK8,9.47767,1911.07512,Diseased_sample
S24,FOXO3,5.26552,155.23263,Diseased_sample
S24,DDC,12.25712,3581.79095,Diseased_sample
S24,ITGAM,10.50105,12591.94522,Diseased_sample
S24,MMP10,14.54201,2207.00989,Diseased_sample
S24,SNCAIP,1.70924,2.21568,Diseased_sample
S24,TREM2,15.00084,15743.2383,Diseased_sample
S24,Det Ctrl,0.11172,,Diseased_sample
S24,ITGB2,11.35028,56686.90436,Diseased_sample
S24,SMOC1,6.50833,2435.33475,Diseased_sample
S24,BACE1,6.16898,483.19331,Diseased_sample
S24,SCG2,7.62415,3514.04835,Diseased_sample
S24,BMP7,6.33712,5488.28506,Diseased_sample
S24,NPTX1,8.49052,9434.16637,Diseased_sample
S24,HLA-DRA,2.99617,518.66065,Diseased_sample
S24,EIF2AK2,11.5154,258902.7371,Diseased_sample
S24,LRRK2,1.27649,971.35914,Diseased_sample
S24,Ext Ctrl,0,,Diseased_sample
S24,SDC4,7.61029,8426.85932,Diseased_sample
S24,NEFL,4.10597,566.94862,Diseased_sample
S24,GDNF,2.1609,0.11065,Diseased_sample
S24,CLSTN3,4.72008,692.98701,Diseased_sample
S24,AGER,12.25223,1113.37412,Diseased_sample
S24,TP53,0.32748,0.02323,Diseased_sample
S24,Abeta40,8.46782,105.57134,Diseased_sample
S24,pTau217,2.59902,0.22507,Diseased_sample
S24,GFAP,4.12336,15.62791,Diseased_sample
S24,GLRX,9.48436,1387.76057,Diseased_sample
S24,WWOX,1.72819,3.45087,Diseased_sample
S24,RTN4R,4.57471,559.23434,Diseased_sample
S24,Abeta42,4.88021,53.25952,Diseased_sample
S24,NGF,1.15462,1.08274,Diseased_sample
S24,NLGN1,0.70397,16.53144,Diseased_sample
S24,NPTX2,8.89834,7615.05091,Diseased_sample
S24,MOG,9.15925,40.79668,Diseased_sample
S25,VSNL1,3.79492,41.77755,Diseased_sample
S25,OMG,6.64145,129.90167,Diseased_sample
S25,STX1B,3.91064,84.67268,Diseased_sample
S25,NPTXR,11.65269,1522.35546,Diseased_sample
S25,SYT1,3.72594,17.51608,Diseased_sample
S25,ENO2,9.26898,7044.19376,Diseased_sample
S25,Inc Ctrl,0.01299,,Diseased_sample
S25,TREM1,14.70038,361.73104,Diseased_sample
S25,S100B,1.28676,6.14361,Diseased_sample
S25,DDAH1,5.8274,340.41681,Diseased_sample
S25,KLK8,10.18854,3115.35394,Diseased_sample
S25,FOXO3,2.08932,14.65785,Diseased_sample
S25,DDC,12.51757,4234.77178,Diseased_sample
S25,ITGAM,9.58094,6174.69989,Diseased_sample
S25,MMP10,11.78943,322.73336,Diseased_sample
S25,SNCAIP,0.60408,0.35228,Diseased_sample
S25,TREM2,16.07967,33618.47996,Diseased_sample
S25,Det Ctrl,0.01837,,Diseased_sample
S25,ITGB2,10.87207,41851.36684,Diseased_sample
S25,SMOC1,7.22659,3563.66701,Diseased_sample
S25,BACE1,5.74469,367.32752,Diseased_sample
S25,SCG2,7.75901,3833.38993,Diseased_sample
S25,BMP7,6.9461,7908.63678,Diseased_sample
S25,NPTX1,8.15888,7719.72817,Diseased_sample
S25,HLA-DRA,3.20526,614.79996,Diseased_sample
S25,EIF2AK2,5.25188,5064.02936,Diseased_sample
S25,LRRK2,-1.07872,71.66336,Diseased_sample
S25,Ext Ctrl,0,,Diseased_sample
S25,SDC4,4.44441,1035.88604,Diseased_sample
S25,NEFL,5.08423,1060.31327,Diseased_sample
S25,GDNF,2.51447,0.16851,Diseased_sample
S25,CLSTN3,4.34861,561.76017,Diseased_sample
S25,AGER,13.46115,2585.1213,Diseased_sample
S25,TP53,2.98104,0.49685,Diseased_sample
S25,Abeta40,10.87007,297.85874,Diseased_sample
S25,pTau217,2.68383,0.24221,Diseased_sample
S25,GFAP,5.02878,31.62532,Diseased_sample
S25,GLRX,6.91611,244.7854,Diseased_sample
S25,WWOX,0.84035,0.90928,Diseased_sample
S25,RTN4R,5.42906,930.78065,Diseased_sample
S25,Abeta42,5.58686,73.52156,Diseased_sample
S25,NGF,1.85381,2.59196,Diseased_sample
S25,NLGN1,0.58311,12.5124,Diseased_sample
S25,NPTX2,9.95871,15167.21198,Diseased_sample
S25,MOG,9.41787,48.1306,Diseased_sample
S26,VSNL1,3.15465,25.95772,Diseased_sample
S26,OMG,7.71686,234.27633,Diseased_sample
S26,STX1B,4.34265,116.12707,Diseased_sample
S26,NPTXR,12.1007,2102.73785,Diseased_sample
S26,SYT1,4.13938,23.19987,Diseased_sample
S26,ENO2,12.47427,69481.47695,Diseased_sample
S26,Inc Ctrl,-0.10946,,Diseased_sample
S26,TREM1,14.00329,216.55396,Diseased_sample
S26,S100B,1.75413,10.84788,Diseased_sample
S26,DDAH1,6.3907,481.32303,Diseased_sample
S26,KLK8,9.3462,1750.54144,Diseased_sample
S26,FOXO3,4.41758,89.93306,Diseased_sample
S26,DDC,11.76206,2616.30255,Diseased_sample
S26,ITGAM,9.77138,7114.53721,Diseased_sample
S26,MMP10,12.7068,602.49472,Diseased_sample
S26,SNCAIP,1.17688,1.06708,Diseased_sample
S26,TREM2,15.59898,23871.6062,Diseased_sample
S26,Det Ctrl,0.02805,,Diseased_sample
S26,ITGB2,11.11016,48645.45118,Diseased_sample
S26,SMOC1,7.03739,3222.14036,Diseased_sample
S26,BACE1,6.17048,483.65821,Diseased_sample
S26,SCG2,8.6077,6754.29087,Diseased_sample
S26,BMP7,6.39145,5671.03898,Diseased_sample
S26,NPTX1,8.2651,8230.12249,Diseased_sample
S26,HLA-DRA,3.57255,821.62863,Diseased_sample
S26,EIF2AK2,9.86889,80082.39737,Diseased_sample
S26,LRRK2,-12.75581,,Diseased_sample
S26,Ext Ctrl,0,,Diseased_sample
S26,SDC4,7.23577,6600.84922,Diseased_sample
S26,NEFL,4.69892,834.37508,Diseased_sample
S26,GDNF,4.24444,0.85478,Diseased_sample
S26,CLSTN3,3.40974,324.36278,Diseased_sample
S26,AGER,13.53057,2716.67676,Diseased_sample
S26,TP53,4.1176,1.17418,Diseased_sample
S26,Abeta40,10.24514,227.69472,Diseased_sample
S26,pTau217,2.63965,0.23315,Diseased_sample
S26,GFAP,4.45391,20.37053,Diseased_sample
S26,GLRX,8.14566,540.39884,Diseased_sample
S26,WWOX,3.02711,12.46659,Diseased_sample
S26,RTN4R,4.83188,652.28844,Diseased_sample
S26,Abeta42,5.92935,85.47859,Diseased_sample
S26,NGF,1.90529,2.73831,Diseased_sample
S26,NLGN1,6.27267,2896.31085,Diseased_sample
S26,NPTX2,9.47622,11050.63193,Diseased_sample
S26,MOG,9.85713,63.87733,Diseased_sample
S27,VSNL1,1.99846,10.23075,Healthy_sample
S27,OMG,5.73107,77.57384,Healthy_sample
S27,STX1B,5.29105,221.4016,Healthy_sample
S27,NPTXR,11.10354,1035.50422,Healthy_sample
S27,SYT1,3.21985,12.14792,Healthy_sample
S27,ENO2,7.74832,2720.47499,Healthy_sample
S27,Inc Ctrl,-0.10437,,Healthy_sample
S27,TREM1,13.52065,152.88068,Healthy_sample
S27,S100B,1.32022,6.42256,Healthy_sample
S27,DDAH1,4.29689,126.31695,Healthy_sample
S27,KLK8,7.92375,702.77807,Healthy_sample
S27,FOXO3,0.71114,2.37771,Healthy_sample
S27,DDC,10.63873,1303.25592,Healthy_sample
S27,ITGAM,9.07509,4288.23251,Healthy_sample
S27,MMP10,10.25577,116.55099,Healthy_sample
S27,SNCAIP,3.01748,8.2945,Healthy_sample
S27,TREM2,16.05018,32912.54178,Healthy_sample
S27,Det Ctrl,0.05233,,Healthy_sample
S27,ITGB2,10.54839,34174.06152,Healthy_sample
S27,SMOC1,3.58212,498.92423,Healthy_sample
S27,BACE1,5.81053,383.4122,Healthy_sample
S27,SCG2,5.63797,1017.32142,Healthy_sample
S27,BMP7,3.17937,667.37831,Healthy_sample
S27,NPTX1,7.67926,5792.77607,Healthy_sample
S27,HLA-DRA,4.4759,1614.96269,Healthy_sample
S27,EIF2AK2,2.4763,696.87103,Healthy_sample
S27,LRRK2,-0.49224,174.7173,Healthy_sample
S27,Ext Ctrl,0,,Healthy_sample
S27,SDC4,7.63274,8551.4839,Healthy_sample
S27,NEFL,2.81625,219.01714,Healthy_sample
S27,GDNF,0.88776,0.00876,Healthy_sample
S27,CLSTN3,3.11117,270.24271,Healthy_sample
S27,AGER,13.44508,2555.64302,Healthy_sample
S27,TP53,1.71758,0.15872,Healthy_sample
S27,Abeta40,0.90831,0.60849,Healthy_sample
S27,pTau217,1.50294,0.07855,Healthy_sample
S27,GFAP,3.96659,13.73215,Healthy_sample
S27,GLRX,5.25933,87.20474,Healthy_sample
S27,WWOX,-0.15761,,Healthy_sample
S27,RTN4R,4.69978,602.78143,Healthy_sample
S27,Abeta42,-0.78606,,Healthy_sample
S27,NGF,-0.25414,,Healthy_sample
S27,NLGN1,4.0007,633.64304,Healthy_sample
S27,NPTX2,8.7417,6890.66894,Healthy_sample
S27,MOG,8.99175,36.67148,Healthy_sample
S28,VSNL1,3.45396,32.51129,Diseased_sample
S28,OMG,6.76716,139.28117,Diseased_sample
S28,STX1B,4.66649,145.7037,Diseased_sample
S28,NPTXR,11.92897,1856.02476,Diseased_sample
S28,SYT1,4.83549,36.25792,Diseased_sample
S28,ENO2,12.59962,77053.06907,Diseased_sample
S28,Inc Ctrl,-0.10639,,Diseased_sample
S28,TREM1,15.38932,608.86711,Diseased_sample
S28,S100B,1.12765,4.92524,Diseased_sample
S28,DDAH1,8.44949,1670.13745,Diseased_sample
S28,KLK8,10.08205,2890.51239,Diseased_sample
S28,FOXO3,4.33178,84.9368,Diseased_sample
S28,DDC,11.84336,2753.84499,Diseased_sample
S28,ITGAM,9.74921,6997.15331,Diseased_sample
S28,MMP10,12.04659,383.93284,Diseased_sample
S28,SNCAIP,1.03507,0.84661,Diseased_sample
S28,TREM2,17.32334,84725.56838,Diseased_sample
S28,Det Ctrl,0.02104,,Diseased_sample
S28,ITGB2,10.59888,35266.88126,Diseased_sample
S28,SMOC1,7.95229,5271.53563,Diseased_sample
S28,BACE1,6.37377,550.73474,Diseased_sample
S28,SCG2,8.49757,6261.70372,Diseased_sample
S28,BMP7,7.0103,8217.92177,Diseased_sample
S28,NPTX1,9.22924,14884.82904,Diseased_sample
S28,HLA-DRA,3.39265,713.75754,Diseased_sample
S28,EIF2AK2,7.81396,22813.51152,Diseased_sample
S28,LRRK2,-3.01115,,Diseased_sample
S28,Ext Ctrl,0,,Diseased_sample
S28,SDC4,7.21919,6530.02829,Diseased_sample
S28,NEFL,6.40179,2295.33468,Diseased_sample
S28,GDNF,2.60702,0.18674,Diseased_sample
S28,CLSTN3,4.66629,672.36402,Diseased_sample
S28,AGER,15.0137,8180.05395,Diseased_sample
S28,TP53,4.09301,1.15372,Diseased_sample
S28,Abeta40,10.75689,283.69824,Diseased_sample
S28,pTau217,3.54798,0.48993,Diseased_sample
S28,GFAP,5.78669,54.69039,Diseased_sample
S28,GLRX,7.73905,413.65425,Diseased_sample
S28,WWOX,2.47707,7.61961,Diseased_sample
S28,RTN4R,4.95281,701.05051,Diseased_sample
S28,Abeta42,6.81606,124.6921,Diseased_sample
S28,NGF,1.65388,2.07368,Diseased_sample
S28,NLGN1,0.76911,18.96173,Diseased_sample
S28,NPTX2,10.16154,17361.15786,Diseased_sample
S28,MOG,10.34323,87.70163,Diseased_sample
S29,VSNL1,3.18467,26.55662,Healthy_pool
S29,OMG,6.43416,115.7197,Healthy_pool
S29,STX1B,5.32355,226.1414,Healthy_pool
S29,NPTXR,11.74718,1628.5565,Healthy_pool
S29,SYT1,3.47516,14.66135,Healthy_pool
S29,ENO2,9.47914,8067.4882,Healthy_pool
S29,Inc Ctrl,-0.09468,,Healthy_pool
S29,TREM1,14.38604,286.5622,Healthy_pool
S29,S100B,0.815,3.00261,Healthy_pool
S29,DDAH1,6.60094,546.99458,Healthy_pool
S29,KLK8,9.53214,1982.26045,Healthy_pool
S29,FOXO3,2.94756,31.13867,Healthy_pool
S29,DDC,11.01846,1646.17388,Healthy_pool
S29,ITGAM,10.03999,8729.92731,Healthy_pool
S29,MMP10,11.58892,282.05113,Healthy_pool
S29,SNCAIP,1.64073,2.03578,Healthy_pool
S29,TREM2,15.12011,17092.11219,Healthy_pool
S29,Det Ctrl,0.05035,,Healthy_pool
S29,ITGB2,11.18287,50944.91652,Healthy_pool
S29,SMOC1,5.16209,1194.94133,Healthy_pool
S29,BACE1,6.20641,494.91926,Healthy_pool
S29,SCG2,6.61814,1866.00677,Healthy_pool
S29,BMP7,4.9158,2272.10039,Healthy_pool
S29,NPTX1,8.10534,7475.08159,Healthy_pool
S29,HLA-DRA,3.13404,580.45002,Healthy_pool
S29,EIF2AK2,8.01596,25681.15422,Healthy_pool
S29,LRRK2,0.90826,722.46089,Healthy_pool
S29,Ext Ctrl,0,,Healthy_pool
S29,SDC4,7.00448,5679.22863,Healthy_pool
S29,NEFL,3.40835,346.96768,Healthy_pool
S29,GDNF,1.95103,0.08391,Healthy_pool
S29,CLSTN3,3.80035,409.24106,Healthy_pool
S29,AGER,13.30592,2314.77989,Healthy_pool
S29,TP53,2.41961,0.30936,Healthy_pool
S29,Abeta40,-0.88796,,Healthy_pool
S29,pTau217,1.16583,0.05365,Healthy_pool
S29,GFAP,3.95747,13.62812,Healthy_pool
S29,GLRX,8.15607,544.16059,Healthy_pool
S29,WWOX,-0.10058,,Healthy_pool
S29,RTN4R,4.27424,466.39352,Healthy_pool
S29,Abeta42,2.05459,10.81965,Healthy_pool
S29,NGF,-0.38533,,Healthy_pool
S29,NLGN1,4.21167,738.34161,Healthy_pool
S29,NPTX2,9.19886,9234.78288,Healthy_pool
S29,MOG,9.28325,44.15682,Healthy_pool
S30,VSNL1,3.44778,32.36203,Healthy_sample
S30,OMG,6.12267,97.09105,Healthy_sample
S30,STX1B,4.46578,126.70542,Healthy_sample
S30,NPTXR,11.35973,1237.8153,Healthy_sample
S30,SYT1,3.69897,17.18912,Healthy_sample
S30,ENO2,8.8782,5491.52616,Healthy_sample
S30,Inc Ctrl,-0.12464,,Healthy_sample
S30,TREM1,14.7037,362.62802,Healthy_sample
S30,S100B,1.7255,10.50558,Healthy_sample
S30,DDAH1,7.58513,990.59523,Healthy_sample
S30,KLK8,10.14178,3014.30312,Healthy_sample
S30,FOXO3,3.54882,49.24183,Healthy_sample
S30,DDC,11.49167,2208.34509,Healthy_sample
S30,ITGAM,9.6776,6632.88789,Healthy_sample
S30,MMP10,11.99088,369.72673,Healthy_sample
S30,SNCAIP,0.84738,0.60103,Healthy_sample
S30,TREM2,15.60655,23999.26108,Healthy_sample
S30,Det Ctrl,0.04179,,Healthy_sample
S30,ITGB2,10.16331,26919.60277,Healthy_sample
S30,SMOC1,6.33519,2222.86164,Healthy_sample
S30,BACE1,5.46359,305.44639,Healthy_sample
S30,SCG2,6.94216,2282.72706,Healthy_sample
S30,BMP7,4.78359,2085.38193,Healthy_sample
S30,NPTX1,7.86693,6479.6399,Healthy_sample
S30,HLA-DRA,1.92846,201.94191,Healthy_sample
S30,EIF2AK2,8.46719,33545.26851,Healthy_sample
S30,LRRK2,0.69446,602.07086,Healthy_sample
S30,Ext Ctrl,0,,Healthy_sample
S30,SDC4,7.02877,5769.60338,Healthy_sample
S30,NEFL,3.67099,419.7177,Healthy_sample
S30,GDNF,1.28197,0.02726,Healthy_sample
S30,CLSTN3,3.61947,367.77681,Healthy_sample
S30,AGER,13.10003,2001.57226,Healthy_sample
S30,TP53,1.95799,0.20185,Healthy_sample
S30,Abeta40,2.28001,3.30521,Healthy_sample
S30,pTau217,2.72885,0.25174,Healthy_sample
S30,GFAP,3.79184,11.8524,Healthy_sample
S30,GLRX,8.60974,739.95795,Healthy_sample
S30,WWOX,0.06806,0.03011,Healthy_sample
S30,RTN4R,3.18203,233.41117,Healthy_sample
S30,Abeta42,2.25274,12.43935,Healthy_sample
S30,NGF,0.03891,,Healthy_sample
S30,NLGN1,0.16606,3.02377,Healthy_sample
S30,NPTX2,8.79079,7109.65639,Healthy_sample
S30,MOG,9.27123,43.81896,Healthy_sample
S31,VSNL1,,,Diseased_sample
S31,OMG,,,Diseased_sample
S31,STX1B,,,Diseased_sample
S31,NPTXR,,,Diseased_sample
S31,SYT1,,,Diseased_sample
S31,ENO2,,,Diseased_sample
S31,Inc Ctrl,,,Diseased_sample
S31,TREM1,,,Diseased_sample
S31,S100B,,,Diseased_sample
S31,DDAH1,,,Diseased_sample
S31,KLK8,,,Diseased_sample
S31,FOXO3,,,Diseased_sample
S31,DDC,,,Diseased_sample
S31,ITGAM,,,Diseased_sample
S31,MMP10,,,Diseased_sample
S31,SNCAIP,,,Diseased_sample
S31,TREM2,,,Diseased_sample
S31,Det Ctrl,,,Diseased_sample
S31,ITGB2,,,Diseased_sample
S31,SMOC1,,,Diseased_sample
S31,BACE1,,,Diseased_sample
S31,SCG2,,,Diseased_sample
S31,BMP7,,,Diseased_sample
S31,NPTX1,,,Diseased_sample
S31,HLA-DRA,,,Diseased_sample
S31,EIF2AK2,,,Diseased_sample
S31,LRRK2,,,Diseased_sample
S31,Ext Ctrl,,,Diseased_sample
S31,SDC4,,,Diseased_sample
S31,NEFL,,,Diseased_sample
S31,GDNF,,,Diseased_sample
S31,CLSTN3,,,Diseased_sample
S31,AGER,,,Diseased_sample
S31,TP53,,,Diseased_sample
S31,Abeta40,,,Diseased_sample
S31,pTau217,,,Diseased_sample
S31,GFAP,,,Diseased_sample
S31,GLRX,,,Diseased_sample
S31,WWOX,,,Diseased_sample
S31,RTN4R,,,Diseased_sample
S31,Abeta42,,,Diseased_sample
S31,NGF,,,Diseased_sample
S31,NLGN1,,,Diseased_sample
S31,NPTX2,,,Diseased_sample
S31,MOG,,,Diseased_sample
S32,VSNL1,,,Diseased_sample
S32,OMG,,,Diseased_sample
S32,STX1B,,,Diseased_sample
S32,NPTXR,,,Diseased_sample
S32,SYT1,,,Diseased_sample
S32,ENO2,,,Diseased_sample
S32,Inc Ctrl,,,Diseased_sample
S32,TREM1,,,Diseased_sample
S32,S100B,,,Diseased_sample
S32,DDAH1,,,Diseased_sample
S32,KLK8,,,Diseased_sample
S32,FOXO3,,,Diseased_sample
S32,DDC,,,Diseased_sample
S32,ITGAM,,,Diseased_sample
S32,MMP10,,,Diseased_sample
S32,SNCAIP,,,Diseased_sample
S32,TREM2,,,Diseased_sample
S32,Det Ctrl,,,Diseased_sample
S32,ITGB2,,,Diseased_sample
S32,SMOC1,,,Diseased_sample
S32,BACE1,,,Diseased_sample
S32,SCG2,,,Diseased_sample
S32,BMP7,,,Diseased_sample
S32,NPTX1,,,Diseased_sample
S32,HLA-DRA,,,Diseased_sample
S32,EIF2AK2,,,Diseased_sample
S32,LRRK2,,,Diseased_sample
S32,Ext Ctrl,,,Diseased_sample
S32,SDC4,,,Diseased_sample
S32,NEFL,,,Diseased_sample
S32,GDNF,,,Diseased_sample
S32,CLSTN3,,,Diseased_sample
S32,AGER,,,Diseased_sample
S32,TP53,,,Diseased_sample
S32,Abeta40,,,Diseased_sample
S32,pTau217,,,Diseased_sample
S32,GFAP,,,Diseased_sample
S32,GLRX,,,Diseased_sample
S32,WWOX,,,Diseased_sample
S32,RTN4R,,,Diseased_sample
S32,Abeta42,,,Diseased_sample
S32,NGF,,,Diseased_sample
S32,NLGN1,,,Diseased_sample
S32,NPTX2,,,Diseased_sample
S32,MOG,,,Diseased_sample
S33,VSNL1,3.80341,42.03629,Diseased_sample
S33,OMG,6.27918,106.07392,Diseased_sample
S33,STX1B,5.59137,268.75389,Diseased_sample
S33,NPTXR,11.65131,1520.86475,Diseased_sample
S33,SYT1,4.01161,21.30125,Diseased_sample
S33,ENO2,12.97445,105966.3596,Diseased_sample
S33,Inc Ctrl,0.01361,,Diseased_sample
S33,TREM1,14.91485,424.72633,Diseased_sample
S33,S100B,1.17904,5.29974,Diseased_sample
S33,DDAH1,7.03848,712.71106,Diseased_sample
S33,KLK8,9.22397,1614.44212,Diseased_sample
S33,FOXO3,4.20481,77.98477,Diseased_sample
S33,DDC,11.10213,1733.5293,Diseased_sample
S33,ITGAM,9.63589,6430.57673,Diseased_sample
S33,MMP10,11.27247,228.27006,Diseased_sample
S33,SNCAIP,0.99429,0.78894,Diseased_sample
S33,TREM2,15.38746,20579.68187,Diseased_sample
S33,Det Ctrl,-0.02896,,Diseased_sample
S33,ITGB2,10.75639,38918.01043,Diseased_sample
S33,SMOC1,6.95122,3078.04053,Diseased_sample
S33,BACE1,5.6428,343.66848,Diseased_sample
S33,SCG2,7.96946,4396.93908,Diseased_sample
S33,BMP7,6.21236,5089.78019,Diseased_sample
S33,NPTX1,9.22653,14859.51354,Diseased_sample
S33,HLA-DRA,2.97023,507.69181,Diseased_sample
S33,EIF2AK2,9.62094,68242.90122,Diseased_sample
S33,LRRK2,0.23138,392.21385,Diseased_sample
S33,Ext Ctrl,0,,Diseased_sample
S33,SDC4,7.77433,9382.40362,Diseased_sample
S33,NEFL,4.64692,807.31268,Diseased_sample
S33,GDNF,2.55014,0.17537,Diseased_sample
S33,CLSTN3,7.27237,2841.24782,Diseased_sample
S33,AGER,13.41313,2498.0789,Diseased_sample
S33,TP53,4.50254,1.5394,Diseased_sample
S33,Abeta40,8.72322,118.04743,Diseased_sample
S33,pTau217,2.92192,0.29626,Diseased_sample
S33,GFAP,4.79531,26.5287,Diseased_sample
S33,GLRX,8.24514,577.53609,Diseased_sample
S33,WWOX,3.14207,13.72791,Diseased_sample
S33,RTN4R,5.2698,846.58057,Diseased_sample
S33,Abeta42,4.05823,35.66477,Diseased_sample
S33,NGF,1.35801,1.43883,Diseased_sample
S33,NLGN1,5.07293,1336.45801,Diseased_sample
S33,NPTX2,9.82263,13862.6016,Diseased_sample
S33,MOG,9.534,51.85542,Diseased_sample
S34,VSNL1,2.97132,22.55404,Healthy_sample
S34,OMG,5.88961,84.99983,Healthy_sample
S34,STX1B,3.33711,54.05554,Healthy_sample
S34,NPTXR,12.21455,2285.76858,Healthy_sample
S34,SYT1,2.91625,9.6094,Healthy_sample
S34,ENO2,8.43788,4165.65777,Healthy_sample
S34,Inc Ctrl,-0.13862,,Healthy_sample
S34,TREM1,13.96982,211.3499,Healthy_sample
S34,S100B,1.54028,8.46998,Healthy_sample
S34,DDAH1,5.4574,270.05287,Healthy_sample
S34,KLK8,9.26094,1654.35155,Healthy_sample
S34,FOXO3,1.19115,5.21863,Healthy_sample
S34,DDC,10.70105,1354.03655,Healthy_sample
S34,ITGAM,9.97407,8297.82044,Healthy_sample
S34,MMP10,11.34375,239.38463,Healthy_sample
S34,SNCAIP,-1.09167,,Healthy_sample
S34,TREM2,15.8227,27969.62375,Healthy_sample
S34,Det Ctrl,0.00968,,Healthy_sample
S34,ITGB2,12.26114,102649.6703,Healthy_sample
S34,SMOC1,3.38382,444.35873,Healthy_sample
S34,BACE1,6.06033,450.62695,Healthy_sample
S34,SCG2,6.1107,1363.35771,Healthy_sample
S34,BMP7,4.04181,1264.80751,Healthy_sample
S34,NPTX1,8.34979,8662.29589,Healthy_sample
S34,HLA-DRA,4.13518,1258.33578,Healthy_sample
S34,EIF2AK2,1.67894,308.64936,Healthy_sample
S34,LRRK2,-1.32865,42.97272,Healthy_sample
S34,Ext Ctrl,0,,Healthy_sample
S34,SDC4,4.34383,965.23633,Healthy_sample
S34,NEFL,3.03128,260.2988,Healthy_sample
S34,GDNF,0.83359,0.0068,Healthy_sample
S34,CLSTN3,4.31562,551.29598,Healthy_sample
S34,AGER,13.55942,2773.43918,Healthy_sample
S34,TP53,2.58466,0.35719,Healthy_sample
S34,Abeta40,0.21438,0.03669,Healthy_sample
S34,pTau217,0.97251,0.04228,Healthy_sample
S34,GFAP,2.86495,5.07429,Healthy_sample
S34,GLRX,4.26068,45.97141,Healthy_sample
S34,WWOX,-0.17511,,Healthy_sample
S34,RTN4R,4.34476,486.79917,Healthy_sample
S34,Abeta42,2.56792,15.33251,Healthy_sample
S34,NGF,-1.45885,,Healthy_sample
S34,NLGN1,0.98026,28.21039,Healthy_sample
S34,NPTX2,7.71767,3604.51299,Healthy_sample
S34,MOG,8.55593,27.83249,Healthy_sample
S35,VSNL1,4.78299,84.24905,Diseased_sample
S35,OMG,6.74779,137.79568,Diseased_sample
S35,STX1B,4.69373,148.46085,Diseased_sample
S35,NPTXR,12.20069,2262.58123,Diseased_sample
S35,SYT1,4.64572,32.19161,Diseased_sample
S35,ENO2,9.75165,9638.55463,Diseased_sample
S35,Inc Ctrl,-0.09448,,Diseased_sample
S35,TREM1,15.68036,762.16374,Diseased_sample
S35,S100B,1.14869,5.07645,Diseased_sample
S35,DDAH1,6.53032,524.02638,Diseased_sample
S35,KLK8,9.76824,2326.39824,Diseased_sample
S35,FOXO3,4.55965,98.77116,Diseased_sample
S35,DDC,11.49018,2206.29864,Diseased_sample
S35,ITGAM,9.80894,7318.48353,Diseased_sample
S35,MMP10,12.50488,524.52026,Diseased_sample
S35,SNCAIP,4.18831,20.78106,Diseased_sample
S35,TREM2,16.89167,61050.64233,Diseased_sample
S35,Det Ctrl,0.12302,,Diseased_sample
S35,ITGB2,10.65042,36420.34681,Diseased_sample
S35,SMOC1,8.10901,5744.69712,Diseased_sample
S35,BACE1,5.80712,382.56438,Diseased_sample
S35,SCG2,8.67625,7083.10221,Diseased_sample
S35,BMP7,6.64695,6612.22025,Diseased_sample
S35,NPTX1,8.35171,8672.37213,Diseased_sample
S35,HLA-DRA,3.53309,796.81132,Diseased_sample
S35,EIF2AK2,6.86614,13150.91473,Diseased_sample
S35,LRRK2,-0.03478,298.44808,Diseased_sample
S35,Ext Ctrl,0,,Diseased_sample
S35,SDC4,5.23189,1775.43294,Diseased_sample
S35,NEFL,7.45612,4122.35155,Diseased_sample
S35,GDNF,2.75723,0.21943,Diseased_sample
S35,CLSTN3,4.1145,491.25948,Diseased_sample
S35,AGER,13.66227,2986.23819,Diseased_sample
S35,TP53,4.64002,1.69257,Diseased_sample
S35,Abeta40,10.80445,289.56322,Diseased_sample
S35,pTau217,3.32002,0.40956,Diseased_sample
S35,GFAP,5.95079,61.33674,Diseased_sample
S35,GLRX,8.2455,577.67413,Diseased_sample
S35,WWOX,1.47908,2.52381,Diseased_sample
S35,RTN4R,5.02755,732.95567,Diseased_sample
S35,Abeta42,6.86605,127.31929,Diseased_sample
S35,NGF,1.97535,2.9465,Diseased_sample
S35,NLGN1,0.86504,22.89566,Diseased_sample
S35,NPTX2,10.10106,16673.36593,Diseased_sample
S35,MOG,10.02031,71.01584,Diseased_sample
S36,VSNL1,3.39078,31.01532,Healthy_sample
S36,OMG,6.28565,106.46136,Healthy_sample
S36,STX1B,4.02744,92.37466,Healthy_sample
S36,NPTXR,11.74068,1620.99237,Healthy_sample
S36,SYT1,3.51511,15.08915,Healthy_sample
S36,ENO2,9.87418,10449.91216,Healthy_sample
S36,Inc Ctrl,-0.095,,Healthy_sample
S36,TREM1,14.85503,406.07018,Healthy_sample
S36,S100B,1.51476,8.21279,Healthy_sample
S36,DDAH1,8.14253,1386.46001,Healthy_sample
S36,KLK8,10.00908,2746.90621,Healthy_sample
S36,FOXO3,4.20357,77.91902,Healthy_sample
S36,DDC,10.66835,1327.14078,Healthy_sample
S36,ITGAM,10.51293,12714.86307,Healthy_sample
S36,MMP10,11.91537,351.33498,Healthy_sample
S36,SNCAIP,0.53272,0.29274,Healthy_sample
S36,TREM2,14.15151,8858.64361,Healthy_sample
S36,Det Ctrl,0.09503,,Healthy_sample
S36,ITGB2,11.20441,51647.69634,Healthy_sample
S36,SMOC1,5.62741,1530.20625,Healthy_sample
S36,BACE1,6.31453,530.32486,Healthy_sample
S36,SCG2,7.08062,2489.38471,Healthy_sample
S36,BMP7,5.38951,3069.82518,Healthy_sample
S36,NPTX1,8.078,7353.32235,Healthy_sample
S36,HLA-DRA,1.90014,196.52903,Healthy_sample
S36,EIF2AK2,9.93168,83437.80885,Healthy_sample
S36,LRRK2,0.1947,378.22434,Healthy_sample
S36,Ext Ctrl,0,,Healthy_sample
S36,SDC4,7.45668,7622.5219,Healthy_sample
S36,NEFL,3.52437,377.74575,Healthy_sample
S36,GDNF,3.68448,0.53257,Healthy_sample
S36,CLSTN3,3.00775,253.39404,Healthy_sample
S36,AGER,13.44329,2552.37458,Healthy_sample
S36,TP53,3.06393,0.53109,Healthy_sample
S36,Abeta40,2.046,2.66274,Healthy_sample
S36,pTau217,0.63896,0.02676,Healthy_sample
S36,GFAP,3.47706,9.00971,Healthy_sample
S36,GLRX,10.32323,2704.5332,Healthy_sample
S36,WWOX,-0.14199,,Healthy_sample
S36,RTN4R,4.58413,562.40879,Healthy_sample
S36,Abeta42,2.979,19.75416,Healthy_sample
S36,NGF,1.37221,1.466,Healthy_sample
S36,NLGN1,0.12102,2.36736,Healthy_sample
S36,NPTX2,9.916,14744.22517,Healthy_sample
S36,MOG,9.38393,47.09518,Healthy_sample
S37,VSNL1,3.98158,47.8202,Diseased_sample
S37,OMG,6.51955,121.37649,Diseased_sample
S37,STX1B,4.287,111.59702,Diseased_sample
S37,NPTXR,12.03563,2005.30713,Diseased_sample
S37,SYT1,4.38878,27.31658,Diseased_sample
S37,ENO2,9.77604,9794.43743,Diseased_sample
S37,Inc Ctrl,-0.10677,,Diseased_sample
S37,TREM1,15.35526,593.1846,Diseased_sample
S37,S100B,1.04184,4.3383,Diseased_sample
S37,DDAH1,5.93629,364.17621,Diseased_sample
S37,KLK8,10.62654,4271.17147,Diseased_sample
S37,FOXO3,2.02403,13.74568,Diseased_sample
S37,DDC,11.66237,2457.40976,Diseased_sample
S37,ITGAM,9.8751,7694.12036,Diseased_sample
S37,MMP10,12.3439,469.88748,Diseased_sample
S37,SNCAIP,1.12509,0.98287,Diseased_sample
S37,TREM2,16.20686,36853.53254,Diseased_sample
S37,Det Ctrl,0.14207,,Diseased_sample
S37,ITGB2,11.01141,45696.09588,Diseased_sample
S37,SMOC1,7.3889,3886.78713,Diseased_sample
S37,BACE1,6.14743,476.56371,Diseased_sample
S37,SCG2,8.22401,5204.28769,Diseased_sample
S37,BMP7,6.60921,6464.20122,Diseased_sample
S37,NPTX1,8.86125,11837.89832,Diseased_sample
S37,HLA-DRA,2.42522,318.82842,Diseased_sample
S37,EIF2AK2,2.90342,1004.49588,Diseased_sample
S37,LRRK2,1.02901,797.95187,Diseased_sample
S37,Ext Ctrl,0,,Diseased_sample
S37,SDC4,4.61699,1168.09439,Diseased_sample
S37,NEFL,5.44357,1317.23613,Diseased_sample
S37,GDNF,2.72801,0.21276,Diseased_sample
S37,CLSTN3,5.0525,834.27968,Diseased_sample
S37,AGER,14.8094,6990.75066,Diseased_sample
S37,TP53,3.00845,0.50797,Diseased_sample
S37,Abeta40,12.14321,517.6824,Diseased_sample
S37,pTau217,4.67247,1.12757,Diseased_sample
S37,GFAP,4.91211,28.97999,Diseased_sample
S37,GLRX,7.36626,325.43216,Diseased_sample
S37,WWOX,0.38011,0.2716,Diseased_sample
S37,RTN4R,5.38434,906.3113,Diseased_sample
S37,Abeta42,8.25476,224.52063,Diseased_sample
S37,NGF,2.36107,4.29801,Diseased_sample
S37,NLGN1,0.75073,18.25682,Diseased_sample
S37,NPTX2,10.29583,18999.56527,Diseased_sample
S37,MOG,9.95678,68.14262,Diseased_sample
S38,VSNL1,3.41581,31.60039,Healthy_pool
S38,OMG,6.64771,130.35436,Healthy_pool
S38,STX1B,5.53986,260.04245,Healthy_pool
S38,NPTXR,11.98951,1939.21823,Healthy_pool
S38,SYT1,3.73773,17.66051,Healthy_pool
S38,ENO2,9.63998,8958.1381,Healthy_pool
S38,Inc Ctrl,-0.21581,,Healthy_pool
S38,TREM1,14.48914,309.22081,Healthy_pool
S38,S100B,1.43723,7.46382,Healthy_pool
S38,DDAH1,6.5833,541.16767,Healthy_pool
S38,KLK8,9.55526,2013.35336,Healthy_pool
S38,FOXO3,3.10783,35.33717,Healthy_pool
S38,DDC,11.15741,1793.87807,Healthy_pool
S38,ITGAM,10.03382,8688.3919,Healthy_pool
S38,MMP10,11.76766,318.03705,Healthy_pool
S38,SNCAIP,1.41028,1.50343,Healthy_pool
S38,TREM2,15.25708,18793.17191,Healthy_pool
S38,Det Ctrl,0.01953,,Healthy_pool
S38,ITGB2,11.4701,61215.45382,Healthy_pool
S38,SMOC1,5.29252,1281.03886,Healthy_pool
S38,BACE1,6.10281,463.10572,Healthy_pool
S38,SCG2,6.70077,1964.17706,Healthy_pool
S38,BMP7,5.18364,2696.49955,Healthy_pool
S38,NPTX1,8.25939,8201.79928,Healthy_pool
S38,HLA-DRA,3.2034,613.88098,Healthy_pool
S38,EIF2AK2,8.08239,26704.52147,Healthy_pool
S38,LRRK2,0.89308,713.36265,Healthy_pool
S38,Ext Ctrl,0,,Healthy_pool
S38,SDC4,6.99789,5654.95191,Healthy_pool
S38,NEFL,3.43413,353.62727,Healthy_pool
S38,GDNF,2.15338,0.1096,Healthy_pool
S38,CLSTN3,3.34688,312.25298,Healthy_pool
S38,AGER,13.44865,2562.16282,Healthy_pool
S38,TP53,1.85581,0.18256,Healthy_pool
S38,Abeta40,2.05004,2.6731,Healthy_pool
S38,pTau217,1.17558,0.05427,Healthy_pool
S38,GFAP,3.69934,10.94861,Healthy_pool
S38,GLRX,8.25404,580.99205,Healthy_pool
S38,WWOX,0.05473,0.02226,Healthy_pool
S38,RTN4R,4.26672,464.26424,Healthy_pool
S38,Abeta42,2.72114,16.89016,Healthy_pool
S38,NGF,0.03506,,Healthy_pool
S38,NLGN1,3.94399,607.74254,Healthy_pool
S38,NPTX2,9.2621,9619.28941,Healthy_pool
S38,MOG,9.25982,43.50065,Healthy_pool
S39,VSNL1,3.76326,40.82504,Diseased_sample
S39,OMG,6.6784,132.595,Diseased_sample
S39,STX1B,4.7526,154.57219,Diseased_sample
S39,NPTXR,12.01918,1981.46961,Diseased_sample
S39,SYT1,4.26844,25.25946,Diseased_sample
S39,ENO2,11.34678,29051.90659,Diseased_sample
S39,Inc Ctrl,-0.01162,,Diseased_sample
S39,TREM1,14.31426,271.81779,Diseased_sample
S39,S100B,2.37476,20.41181,Diseased_sample
S39,DDAH1,6.0868,399.59477,Diseased_sample
S39,KLK8,10.20894,3160.62968,Diseased_sample
S39,FOXO3,3.69004,54.52845,Diseased_sample
S39,DDC,11.20532,1847.92925,Diseased_sample
S39,ITGAM,9.48102,5738.24623,Diseased_sample
S39,MMP10,11.93188,355.27568,Diseased_sample
S39,SNCAIP,1.71691,2.23647,Diseased_sample
S39,TREM2,15.72233,26045.44977,Diseased_sample
S39,Det Ctrl,0.14002,,Diseased_sample
S39,ITGB2,10.39284,31024.40163,Diseased_sample
S39,SMOC1,6.86754,2944.48768,Diseased_sample
S39,BACE1,5.72151,361.81658,Diseased_sample
S39,SCG2,7.68831,3662.21623,Diseased_sample
S39,BMP7,6.46067,5912.37933,Diseased_sample
S39,NPTX1,8.25934,8201.5531,Diseased_sample
S39,HLA-DRA,2.97857,511.19754,Diseased_sample
S39,EIF2AK2,7.47788,18754.9005,Diseased_sample
S39,LRRK2,0.4617,488.53553,Diseased_sample
S39,Ext Ctrl,0,,Diseased_sample
S39,SDC4,6.74592,4801.05591,Diseased_sample
S39,NEFL,4.41838,697.02844,Diseased_sample
S39,GDNF,2.55936,0.17718,Diseased_sample
S39,CLSTN3,4.2799,540.16603,Diseased_sample
S39,AGER,14.04361,3940.34253,Diseased_sample
S39,TP53,3.96387,1.05128,Diseased_sample
S39,Abeta40,9.4685,163.04696,Diseased_sample
S39,pTau217,3.30831,0.40576,Diseased_sample
S39,GFAP,4.13363,15.75953,Diseased_sample
S39,GLRX,7.31606,315.18578,Diseased_sample
S39,WWOX,2.39994,7.07625,Diseased_sample
S39,RTN4R,5.12833,778.25053,Diseased_sample
S39,Abeta42,4.50504,44.53171,Diseased_sample
S39,NGF,0.97197,0.81216,Diseased_sample
S39,NLGN1,0.476,9.454,Diseased_sample
S39,NPTX2,10.0756,16392.64711,Diseased_sample
S39,MOG,9.23241,42.7458,Diseased_sample
S40,VSNL1,4.22583,56.95107,Diseased_sample
S40,OMG,6.31679,108.34355,Diseased_sample
S40,STX1B,3.76919,76.06201,Diseased_sample
S40,NPTXR,11.80203,1693.8446,Diseased_sample
S40,SYT1,4.41861,27.84799,Diseased_sample
S40,ENO2,11.63706,36039.83261,Diseased_sample
S40,Inc Ctrl,-0.03577,,Diseased_sample
S40,TREM1,15.31599,575.63359,Diseased_sample
S40,S100B,1.2597,5.92395,Diseased_sample
S40,DDAH1,6.74644,597.42852,Diseased_sample
S40,KLK8,9.92005,2582.35892,Diseased_sample
S40,FOXO3,4.2149,78.5187,Diseased_sample
S40,DDC,11.95113,2947.97014,Diseased_sample
S40,ITGAM,10.2715,10465.83533,Diseased_sample
S40,MMP10,12.56286,545.77434,Diseased_sample
S40,SNCAIP,0.64677,0.39069,Diseased_sample
S40,TREM2,16.88372,60687.68149,Diseased_sample
S40,Det Ctrl,-0.02246,,Diseased_sample
S40,ITGB2,11.64312,68443.07401,Diseased_sample
S40,SMOC1,7.12023,3367.27252,Diseased_sample
S40,BACE1,6.47753,588.30032,Diseased_sample
S40,SCG2,8.28275,5413.2215,Diseased_sample
S40,BMP7,6.3512,5535.10603,Diseased_sample
S40,NPTX1,8.89964,12121.83041,Diseased_sample
S40,HLA-DRA,2.92721,489.94218,Diseased_sample
S40,EIF2AK2,8.53607,34955.3258,Diseased_sample
S40,LRRK2,-0.3164,217.18712,Diseased_sample
S40,Ext Ctrl,0,,Diseased_sample
S40,SDC4,7.29451,6858.11126,Diseased_sample
S40,NEFL,5.86109,1683.93104,Diseased_sample
S40,GDNF,2.57667,0.18061,Diseased_sample
S40,CLSTN3,4.60684,650.23849,Diseased_sample
S40,AGER,13.33599,2364.70685,Diseased_sample
S40,TP53,3.79127,0.92684,Diseased_sample
S40,Abeta40,10.08855,212.88503,Diseased_sample
S40,pTau217,3.27866,0.39628,Diseased_sample
S40,GFAP,5.14548,34.48234,Diseased_sample
S40,GLRX,8.41784,648.90435,Diseased_sample
S40,WWOX,2.1443,5.47733,Diseased_sample
S40,RTN4R,5.48923,964.77406,Diseased_sample
S40,Abeta42,5.24592,63.06504,Diseased_sample
S40,NGF,1.77433,2.37662,Diseased_sample
S40,NLGN1,0.38556,7.21848,Diseased_sample
S40,NPTX2,10.41939,20654.94461,Diseased_sample
S40,MOG,9.68628,57.1976,Diseased_sample
